USE TripService
GO

-- Disable referential integrity
EXEC sp_MSForEachTable 'DISABLE TRIGGER ALL ON ?'
GO

EXEC sp_MSForEachTable 'ALTER TABLE ? NOCHECK CONSTRAINT ALL';
GO

EXEC sp_MSForEachTable 'DELETE FROM ?';
GO

EXEC sp_MSForEachTable
    'IF OBJECT_ID(''?'') IN (SELECT OBJECT_ID FROM SYS.IDENTITY_COLUMNS)
     DBCC CHECKIDENT(''?'', RESEED, 0)';
GO

SET IDENTITY_INSERT Cities OFF;
SET IDENTITY_INSERT Hotels OFF;
SET IDENTITY_INSERT Rooms OFF;
SET IDENTITY_INSERT Trips OFF;
SET IDENTITY_INSERT Accounts OFF;

-- Enable referential integrity
EXEC sp_MSForEachTable 'ALTER TABLE ? WITH CHECK CHECK CONSTRAINT ALL';
GO

EXEC sp_MSForEachTable 'ENABLE TRIGGER ALL ON ?'
GO

-- Insert Cities
SET IDENTITY_INSERT Cities ON;

INSERT INTO Cities (Id, Name, CountryCode) VALUES
(1, 'Sofia', 'BG'),
(2, 'Mezdra', 'BG'),
(3, 'Varna', 'BG'),
(4, 'Burgas', 'BG'),
(5, 'Ruse', 'BG'),
(6, 'Stara Zagora', 'BG'),
(7, 'Pleven', 'BG'),
(8, 'Dobrich', 'BG'),
(9, 'Sliven', 'BG'),
(10, 'Shumen', 'BG'),
(11, 'Pernik', 'BG'),
(12, 'Haskovo', 'BG'),
(13, 'Yambol', 'BG'),
(14, 'Pazardzhik', 'BG'),
(15, 'Blagoevgrad', 'BG'),
(16, 'Veliko Tarnovo', 'BG'),
(17, 'Vratsa', 'BG'),
(18, 'Gabrovo', 'BG'),
(19, 'London', 'UK'),
(20, 'Birmingham', 'UK'),
(21, 'Glasgow', 'UK'),
(22, 'Leeds', 'UK'),
(23, 'Bristol', 'UK'),
(24, 'Liverpool', 'UK'),
(25, 'Manchester', 'UK'),
(26, 'Sheffield', 'UK'),
(27, 'Edinburgh', 'UK'),
(28, 'Cardiff', 'UK'),
(29, 'Leicester', 'UK'),
(30, 'Bradford', 'UK'),
(31, 'Coverntry', 'UK'),
(32, 'Nottingham', 'UK'),
(33, 'Belfast', 'UK'),
(34, 'Sunderland', 'UK'),
(35, 'Brighton', 'UK'),
(36, 'Derby', 'UK'),
(37, 'Plymouth', 'UK'),
(38, 'Wolverhampton', 'UK'),
(39, 'New York', 'US'),
(40, 'Los Angeles', 'US'),
(41, 'Chicago', 'US'),
(42, 'Houston', 'US'),
(43, 'Phoenix', 'US'),
(44, 'Philadelphia', 'US'),
(45, 'San Antonio', 'US'),
(46, 'San Diego', 'US'),
(47, 'Dallas', 'US'),
(48, 'San Jose', 'US'),
(49, 'Austin', 'US'),
(50, 'Jacksonville', 'US'),
(51, 'San Francisco', 'US'),
(52, 'Columbus', 'US'),
(53, 'Fort Worth', 'US'),
(54, 'Indianapolis', 'US'),
(55, 'Charlotte', 'US'),
(56, 'Seattle', 'US'),
(57, 'Denver', 'US'),
(58, 'Washington', 'US'),
(59, 'Moscow', 'RU'),
(60, 'Saint Petersburg', 'RU'),
(61, 'Novosibirsk', 'RU'),
(62, 'Yekaterinburg', 'RU'),
(63, 'Nizhny Novgorod', 'RU'),
(64, 'Kazan', 'RU'),
(65, 'Chelyabinsk', 'RU'),
(66, 'Omsk', 'RU'),
(67, 'Samara', 'RU'),
(68, 'Rostov-on-Don', 'RU'),
(69, 'Ufa', 'RU'),
(70, 'Krasnoyarsk', 'RU'),
(71, 'Perm', 'RU'),
(72, 'Voronezh', 'RU'),
(73, 'Volgograd', 'RU'),
(74, 'Krasnodar', 'RU'),
(75, 'Saratov', 'RU'),
(76, 'Tyumen', 'RU'),
(77, 'Tolyatti', 'RU'),
(78, 'Izhevsk', 'RU')

SET IDENTITY_INSERT Cities OFF;

-- Insert Hotels
SET IDENTITY_INSERT Hotels ON;

INSERT INTO Hotels (Id, Name, CityId, EmployeeCount, BaseRate) VALUES
(1, 'Glee Resort', 1, 36, 11.5),
(2, 'Ancient Manor Resort & Spa', 1, 64, 27.1),
(3, 'Fantasy Hotel', 1, 98, 92.6),
(4, 'Majestic Resort & Spa', 1, 63, 11.3),
(5, 'Wanderlust Resort & Spa', 1, 88, 86.9),
(6, 'Cloud Resort', 1, 64, 38.7),
(7, 'Lethargy Hotel & Spa', 1, 43, 28.0),
(8, 'Majestic Resort & Spa', 2, 66, 88.9),
(9, 'Paradise Hotel & Spa', 2, 37, 64.1),
(10, 'Yesteryear Hotel', 2, 16, 85.1),
(11, 'Golden Nugget Resort & Spa', 2, 66, 51.6),
(12, 'Snooze Hotel', 2, 27, 14.9),
(13, 'Amuse Resort', 2, 46, 30.2),
(14, 'Ruby Garden Resort', 3, 84, 96.8),
(15, 'Triumph Resort', 3, 52, 46.6),
(16, 'Amber Hotel & Spa', 3, 44, 82.5),
(17, 'Glee Resort', 3, 17, 38.0),
(18, 'Courtyard Hotel', 3, 14, 68.0),
(19, 'Ranch Hotel', 3, 75, 94.2),
(20, 'Amenity Resort', 4, 29, 51.5),
(21, 'Recreation Hotel & Spa', 5, 43, 50.1),
(22, 'Countryside Hotel', 5, 74, 58.0),
(23, 'Leisure Hotel', 5, 29, 82.9),
(24, 'Nimbus Hotel & Spa', 5, 29, 80.0),
(25, 'Shoreline Resort', 5, 42, 24.7),
(26, 'Starlight Hotel', 5, 46, 43.2),
(27, 'Glee Hotel', 5, 29, 15.5),
(28, 'Chateau Hotel & Spa', 6, 32, 66.9),
(29, 'Relaxation Resort & Spa', 7, 73, 73.8),
(30, 'Nimbus Hotel & Spa', 8, 44, 92.4),
(31, 'Nimbus Resort & Spa', 8, 87, 98.8),
(32, 'Countryside Hotel', 8, 86, 51.5),
(33, 'Daydream Hotel', 8, 74, 13.0),
(34, 'Amber Hotel & Spa', 9, 84, 92.6),
(35, 'Oceanview Hotel', 9, 43, 29.3),
(36, 'Coastline Resort & Spa', 9, 72, 38.3),
(37, 'Paradise Hotel & Spa', 10, 21, 89.4),
(38, 'Coastline Resort & Spa', 10, 66, 70.6),
(39, 'Nimbus Hotel', 10, 56, 23.7),
(40, 'Beverage Resort', 10, 19, 35.3),
(41, 'Ornate Hotel', 10, 66, 12.2),
(42, 'Relaxation Resort & Spa', 10, 97, 89.7),
(43, 'Windmill Resort', 10, 30, 61.2),
(44, 'Majestic Hotel', 10, 18, 51.0),
(45, 'Oceanview Hotel', 11, 37, 90.7),
(46, 'Harborview Resort & Spa', 11, 40, 14.5),
(47, 'Summit Hotel', 11, 91, 22.3),
(48, 'Nostalgia Resort & Spa', 11, 61, 48.4),
(49, 'Wanderlust Resort & Spa', 12, 96, 78.9),
(50, 'Coastline Hotel & Spa', 12, 91, 83.8),
(51, 'Exalted Resort', 13, 85, 100.7),
(52, 'Blizzard Hotel', 13, 67, 100.6),
(53, 'Daydream Resort', 13, 10, 26.8),
(54, 'Chateau Hotel', 13, 71, 23.5),
(55, 'Lethargy Hotel & Spa', 14, 17, 78.8),
(56, 'Deluxe Resort', 14, 44, 50.8),
(57, 'Holiday Resort', 15, 67, 85.7),
(58, 'Summit Hotel', 15, 33, 24.5),
(59, 'Crown Resort & Spa', 15, 12, 39.8),
(60, 'Enigma Hotel', 15, 82, 93.1),
(61, 'Harborview Resort & Spa', 15, 80, 77.8),
(62, 'Chateau Resort', 15, 88, 74.5),
(63, 'Windmill Resort & Spa', 15, 88, 19.1),
(64, 'Seascape Hotel', 15, 28, 56.8),
(65, 'Exalted Resort', 16, 86, 88.7),
(66, 'Grand Hotel', 16, 71, 47.8),
(67, 'Jade Hotel', 16, 65, 32.3),
(68, 'Golden Nugget Resort & Spa', 16, 101, 84.6),
(69, 'Voyager Hotel & Spa', 16, 29, 18.7),
(70, 'Travel Resort', 16, 62, 24.0),
(71, 'Nimbus Hotel & Spa', 16, 73, 31.0),
(72, 'Orbit Resort & Spa', 16, 80, 80.8),
(73, 'Royal Hotel', 16, 84, 35.1),
(74, 'Golden Nugget Hotel', 16, 87, 40.2),
(75, 'Deluxe Resort', 16, 38, 56.9),
(76, 'Elysium Resort & Spa', 17, 88, 15.2),
(77, 'Beverage Resort', 17, 94, 57.8),
(78, 'Majestic Resort', 17, 56, 14.8),
(79, 'Majestic Resort & Spa', 17, 96, 78.7),
(80, 'Expedition Hotel & Spa', 17, 43, 95.7),
(81, 'Exalted Resort & Spa', 17, 16, 22.6),
(82, 'Vertex Hotel', 17, 25, 57.4),
(83, 'Vertex Hotel', 17, 27, 86.8),
(84, 'Coastline Hotel & Spa', 17, 84, 101.4),
(85, 'Jade Hotel', 18, 43, 86.8),
(86, 'Majestic Hotel', 18, 86, 52.0),
(87, 'Opportunity Hotel', 18, 66, 33.8),
(88, 'Rosewood Hotel & Spa', 18, 97, 95.9),
(89, 'Paradise Resort', 18, 95, 82.2),
(90, 'Deluxe Hotel', 18, 24, 53.5),
(91, 'Sanctuary Resort', 18, 81, 97.6),
(92, 'Wanderlust Resort & Spa', 18, 60, 71.8),
(93, 'Deluxe Hotel', 18, 76, 62.4),
(94, 'Expedition Hotel & Spa', 19, 33, 78.8),
(95, 'Ranch Hotel', 19, 37, 29.4),
(96, 'Nimbus Hotel', 19, 29, 40.1),
(97, 'Celestial Hotel', 20, 59, 42.1),
(98, 'Mirror Hotel', 20, 61, 32.7),
(99, 'Majestic Hotel', 20, 78, 10.9),
(100, 'Sierra Hotel', 20, 100, 66.7),
(101, 'Majestic Resort', 20, 19, 56.6),
(102, 'Snooze Hotel', 20, 27, 36.2),
(103, 'Harborview Resort', 20, 73, 54.1),
(104, 'Ocean Hotel', 20, 32, 98.2),
(105, 'Courtyard Hotel', 21, 35, 61.8),
(106, 'Baroque Resort & Spa', 21, 24, 100.1),
(107, 'Lethargy Hotel & Spa', 23, 95, 18.3),
(108, 'Repose Hotel', 23, 41, 71.9),
(109, 'Galaxy Hotel', 23, 43, 60.8),
(110, 'Holiday Resort', 23, 16, 19.6),
(111, 'Slumber Resort & Spa', 23, 97, 92.5),
(112, 'Baroque Resort & Spa', 24, 35, 13.9),
(113, 'Voyager Hotel & Spa', 24, 37, 88.6),
(114, 'Crown Resort & Spa', 24, 15, 80.4),
(115, 'Prophecy Hotel', 24, 15, 92.0),
(116, 'Stargaze Hotel & Spa', 25, 78, 54.6),
(117, 'Farmhouse Hotel', 25, 12, 34.5),
(118, 'Vertex Hotel', 25, 17, 99.1),
(119, 'Orbit Hotel', 25, 83, 76.1),
(120, 'Slumber Resort', 26, 95, 73.1),
(121, 'Imperial Hotel', 26, 62, 31.5),
(122, 'Stargaze Hotel', 26, 91, 97.4),
(123, 'Majestic Resort', 26, 63, 56.9),
(124, 'Stratosphere Resort', 26, 12, 91.4),
(125, 'Excursion Hotel', 27, 84, 49.3),
(126, 'Recreation Hotel', 27, 53, 46.9),
(127, 'Elysium Hotel', 27, 45, 21.3),
(128, 'Nova Resort', 27, 11, 65.9),
(129, 'Stargaze Resort', 27, 61, 66.0),
(130, 'Nimbus Resort & Spa', 27, 20, 14.3),
(131, 'Nova Resort', 27, 26, 29.7),
(132, 'Ornate Hotel', 28, 34, 69.5),
(133, 'Chateau Hotel & Spa', 28, 47, 85.8),
(134, 'Orbit Resort & Spa', 28, 37, 45.0),
(135, 'Opportunity Hotel', 28, 59, 12.8),
(136, 'Ancient Manor Resort & Spa', 28, 68, 45.5),
(137, 'Viewpoint Resort', 28, 38, 40.3),
(138, 'Ocean Hotel', 28, 41, 12.0),
(139, 'Coastline Resort & Spa', 28, 71, 17.3),
(140, 'Cozy Hotel', 28, 52, 92.2),
(141, 'Sierra Resort & Spa', 28, 26, 98.6),
(142, 'Salt Water Resort', 28, 80, 69.9),
(143, 'Curiosity Hotel & Spa', 29, 33, 90.7),
(144, 'Glee Hotel', 29, 46, 89.1),
(145, 'Imperial Hotel & Spa', 29, 87, 21.4),
(146, 'Viewpoint Hotel', 29, 41, 21.5),
(147, 'Grand Hotel', 29, 33, 53.6),
(148, 'Relaxation Resort & Spa', 29, 75, 23.7),
(149, 'Mirror Hotel', 29, 82, 81.2),
(150, 'Stargaze Hotel', 29, 65, 76.8),
(151, 'Freedom Hotel', 30, 25, 41.8),
(152, 'Slumber Hotel', 30, 68, 68.1),
(153, 'Ocean Hotel', 30, 35, 25.1),
(154, 'Rain Resort & Spa', 30, 50, 98.4),
(155, 'Nova Resort', 30, 64, 85.1),
(156, 'Epitome Resort & Spa', 30, 83, 49.3),
(157, 'Prophecy Hotel', 30, 91, 12.9),
(158, 'Daydream Hotel', 30, 46, 81.0),
(159, 'Yesteryear Hotel & Spa', 31, 37, 68.3),
(160, 'Ornate Resort', 31, 36, 48.9),
(161, 'Deluxe Resort', 31, 96, 72.7),
(162, 'Holiday Resort', 31, 62, 80.7),
(163, 'Nimbus Resort & Spa', 31, 79, 68.7),
(164, 'Paradise Resort', 31, 12, 86.7),
(165, 'Stargaze Resort', 31, 67, 26.8),
(166, 'Curiosity Hotel & Spa', 31, 64, 62.7),
(167, 'Stratosphere Resort', 32, 55, 100.0),
(168, 'Countryside Hotel', 32, 27, 31.2),
(169, 'Cinnamon Hotel', 32, 12, 11.0),
(170, 'Crescent Hotel', 32, 47, 18.8),
(171, 'Travel Hotel', 33, 71, 18.9),
(172, 'Majestic Hotel', 33, 59, 89.7),
(173, 'Slumber Hotel', 33, 93, 82.7),
(174, 'Salt Water Resort', 33, 49, 71.8),
(175, 'Aquamarine Lake Hotel', 33, 36, 92.7),
(176, 'Galaxy Hotel', 33, 44, 92.0),
(177, 'Abundance Hotel', 33, 48, 67.2),
(178, 'Royal Hotel', 33, 62, 29.0),
(179, 'Yesteryear Hotel', 33, 49, 10.3),
(180, 'Emerald Resort', 33, 101, 54.5),
(181, 'Ocean Hotel', 33, 49, 81.4),
(182, 'Majestic Resort', 34, 17, 65.4),
(183, 'Travel Hotel', 34, 54, 81.2),
(184, 'Starlight Hotel & Spa', 34, 32, 55.9),
(185, 'Coastline Resort & Spa', 34, 12, 99.9),
(186, 'Majestic Hotel', 34, 70, 80.1),
(187, 'Farmhouse Hotel', 34, 40, 63.5),
(188, 'Cerulean Peninsula Hotel & Spa', 34, 16, 31.9),
(189, 'Relaxation Resort & Spa', 34, 27, 44.4),
(190, 'Ornate Hotel', 35, 62, 88.2),
(191, 'Voyager Resort & Spa', 37, 43, 64.6),
(192, 'Sapphire Hotel', 37, 14, 51.3),
(193, 'Nimbus Hotel', 37, 25, 15.3),
(194, 'Seascape Hotel & Spa', 37, 95, 98.6),
(195, 'Nostalgia Resort & Spa', 37, 29, 87.6),
(196, 'Farmhouse Hotel', 37, 90, 46.7),
(197, 'Ranch Hotel', 37, 54, 60.1),
(198, 'Abundance Hotel', 37, 34, 55.5),
(199, 'Baroque Resort & Spa', 38, 42, 41.6),
(200, 'Farmhouse Hotel', 38, 61, 20.0),
(201, 'Majestic Hotel & Spa', 38, 88, 52.4),
(202, 'Salt Water Resort & Spa', 38, 70, 15.1),
(203, 'Paradise Hotel & Spa', 38, 44, 47.6),
(204, 'Paradise Resort', 38, 79, 55.7),
(205, 'Summit Resort & Spa', 38, 76, 87.3),
(206, 'Paradise Resort', 39, 77, 14.2),
(207, 'Ruby Garden Resort', 39, 99, 32.5),
(208, 'Summit Hotel & Spa', 39, 75, 89.9),
(209, 'Fancy Hotel & Spa', 39, 68, 46.9),
(210, 'Windmill Resort & Spa', 39, 62, 69.8),
(211, 'Vertex Hotel', 39, 86, 53.3),
(212, 'Majestic Resort & Spa', 39, 68, 77.2),
(213, 'Stargaze Hotel & Spa', 39, 85, 101.0),
(214, 'Nostalgia Resort & Spa', 39, 82, 67.3),
(215, 'Celestial Hotel', 40, 81, 42.8),
(216, 'Ranch Hotel', 40, 93, 34.5),
(217, 'Prophecy Resort', 40, 79, 30.8),
(218, 'Crown Resort & Spa', 40, 95, 64.2),
(219, 'Cozy Resort & Spa', 40, 59, 17.5),
(220, 'Amber Hotel & Spa', 40, 30, 74.3),
(221, 'Recreation Hotel & Spa', 40, 65, 27.8),
(222, 'Royal Hotel', 40, 18, 95.7),
(223, 'Baroque Resort & Spa', 41, 63, 14.2),
(224, 'Oceanview Hotel', 41, 88, 62.4),
(225, 'Stargaze Hotel', 41, 24, 80.9),
(226, 'Diorama Resort', 41, 24, 48.0),
(227, 'Grand Hotel', 41, 14, 24.8),
(228, 'Majestic Resort', 41, 26, 50.0),
(229, 'Crescent Hotel', 42, 47, 30.2),
(230, 'Majestic Resort & Spa', 42, 46, 73.8),
(231, 'Leisure Hotel', 42, 64, 32.1),
(232, 'Comfort Hotel', 42, 65, 88.6),
(233, 'Parellel Hotel', 42, 52, 64.2),
(234, 'Revelation Hotel & Spa', 42, 100, 72.8),
(235, 'Deluxe Hotel', 42, 43, 25.5),
(236, 'Ornate Hotel', 42, 58, 31.7),
(237, 'Stargaze Resort', 42, 77, 23.2),
(238, 'Antiquity Hotel', 42, 29, 38.9),
(239, 'Summit Hotel & Spa', 43, 65, 44.0),
(240, 'Windmill Resort', 43, 21, 47.1),
(241, 'Triumph Resort', 43, 48, 48.7),
(242, 'Holiday Resort', 43, 91, 63.6),
(243, 'Celestial Hotel', 43, 87, 86.5),
(244, 'Coastline Resort & Spa', 43, 35, 35.9),
(245, 'Voyager Hotel & Spa', 43, 85, 34.2),
(246, 'Stargaze Hotel & Spa', 43, 100, 10.1),
(247, 'Oceanview Hotel', 43, 29, 52.0),
(248, 'Paragon Hotel', 43, 48, 36.3),
(249, 'Paragon Hotel', 43, 17, 25.1),
(250, 'Slumber Hotel', 44, 63, 20.4),
(251, 'Parellel Hotel', 45, 65, 80.1),
(252, 'Opportunity Hotel', 45, 78, 100.6),
(253, 'Elysium Hotel & Spa', 46, 85, 101.6),
(254, 'Daydream Resort', 46, 66, 65.1),
(255, 'Nimbus Hotel & Spa', 46, 65, 102.0),
(256, 'Blizzard Hotel', 46, 42, 47.5),
(257, 'Revelation Hotel & Spa', 47, 25, 40.2),
(258, 'Everland Hotel', 47, 83, 39.5),
(259, 'Starlight Resort & Spa', 47, 86, 83.7),
(260, 'Sightsee Resort', 47, 68, 79.7),
(261, 'Moss Hotel', 47, 84, 85.7),
(262, 'Sierra Resort & Spa', 47, 18, 20.9),
(263, 'Grand Hotel', 48, 55, 53.2),
(264, 'Crown Resort & Spa', 48, 33, 41.8),
(265, 'Chateau Resort', 48, 50, 14.6),
(266, 'Lethargy Hotel', 48, 74, 94.4),
(267, 'Mirror Hotel', 48, 47, 91.7),
(268, 'Leisure Hotel', 48, 86, 53.5),
(269, 'Recreation Hotel', 48, 37, 18.4),
(270, 'Diorama Resort', 48, 51, 90.1),
(271, 'Winter Bliss Hotel', 49, 59, 94.1),
(272, 'Paradise Hotel & Spa', 49, 28, 41.1),
(273, 'Recreation Hotel', 49, 27, 22.1),
(274, 'Vanilla Hotel', 49, 83, 21.0),
(275, 'Windmill Resort', 50, 28, 50.3),
(276, 'Sanctuary Resort', 50, 47, 60.3),
(277, 'Ornate Resort', 50, 39, 87.4),
(278, 'Chateau Hotel & Spa', 50, 54, 83.1),
(279, 'Rainbow Resort & Spa', 50, 50, 17.9),
(280, 'Epitome Resort & Spa', 50, 96, 32.0),
(281, 'Farmhouse Hotel', 51, 91, 67.3),
(282, 'Ocean Resort', 51, 34, 34.0),
(283, 'Nimbus Hotel', 51, 31, 10.5),
(284, 'Jade Hotel', 51, 74, 24.5),
(285, 'Yesteryear Hotel & Spa', 51, 51, 71.1),
(286, 'Nova Resort', 51, 46, 86.7),
(287, 'Ocean Hotel', 51, 84, 11.4),
(288, 'Freedom Hotel', 51, 34, 50.1),
(289, 'Parellel Hotel', 51, 74, 18.7),
(290, 'Blizzard Hotel', 51, 20, 24.1),
(291, 'Windmill Resort', 51, 25, 32.8),
(292, 'Starlight Hotel', 52, 71, 66.4),
(293, 'Sierra Resort & Spa', 52, 18, 43.8),
(294, 'Daydream Hotel', 52, 77, 70.1),
(295, 'Daydream Resort', 52, 68, 17.3),
(296, 'Ocean Resort', 52, 27, 62.4),
(297, 'Galaxy Hotel', 53, 18, 101.2),
(298, 'Stargaze Hotel', 53, 81, 55.0),
(299, 'Snooze Hotel', 53, 57, 76.0),
(300, 'Chateau Hotel & Spa', 53, 87, 77.4),
(301, 'Holiday Resort', 53, 98, 47.0),
(302, 'Snooze Hotel', 53, 15, 23.7),
(303, 'Expedition Hotel & Spa', 53, 44, 40.6),
(304, 'Paragon Hotel', 53, 42, 33.2),
(305, 'Crown Resort & Spa', 53, 41, 27.9),
(306, 'Felicity Hotel & Spa', 54, 32, 39.0),
(307, 'Diorama Hotel', 54, 95, 73.9),
(308, 'Sierra Resort & Spa', 54, 11, 88.2),
(309, 'Golden Nugget Hotel', 54, 77, 99.1),
(310, 'Holiday Resort', 54, 24, 98.4),
(311, 'Majestic Hotel & Spa', 54, 55, 34.0),
(312, 'Ruby Garden Resort', 54, 101, 85.4),
(313, 'Road Trip Resort', 54, 33, 67.8),
(314, 'Starlight Hotel & Spa', 54, 59, 62.9),
(315, 'Voyager Hotel & Spa', 55, 46, 19.3),
(316, 'Curiosity Hotel', 56, 25, 53.8),
(317, 'Asylum Hotel & Spa', 56, 18, 30.9),
(318, 'Jade Hotel', 56, 49, 100.8),
(319, 'Starlight Hotel & Spa', 56, 12, 70.2),
(320, 'Shoreline Resort', 56, 47, 43.8),
(321, 'Ocean Hotel', 56, 11, 81.2),
(322, 'Orbit Hotel', 56, 23, 71.5),
(323, 'Felicity Resort', 56, 31, 21.1),
(324, 'Daydream Hotel', 56, 47, 44.9),
(325, 'Refresh Resort & Spa', 56, 88, 73.4),
(326, 'Viewpoint Hotel', 56, 19, 46.8),
(327, 'Emerald Resort', 57, 86, 57.2),
(328, 'Majestic Resort & Spa', 57, 11, 68.0),
(329, 'Elysium Hotel & Spa', 57, 97, 73.8),
(330, 'Felicity Resort', 57, 36, 37.1),
(331, 'Repose Hotel', 57, 20, 98.6),
(332, 'Ancient Manor Resort & Spa', 57, 44, 72.4),
(333, 'Nova Resort', 58, 17, 70.1),
(334, 'Prophecy Resort', 58, 98, 53.1),
(335, 'Nimbus Resort & Spa', 58, 97, 101.3),
(336, 'Seascape Hotel & Spa', 58, 24, 33.3),
(337, 'Windmill Resort & Spa', 58, 47, 10.7),
(338, 'Panorama Hotel', 58, 42, 52.5),
(339, 'Amuse Resort', 58, 86, 69.8),
(340, 'Fancy Hotel & Spa', 58, 62, 91.7),
(341, 'Paragon Hotel & Spa', 60, 17, 41.2),
(342, 'Cosmos Hotel & Spa', 60, 96, 60.3),
(343, 'Abundance Hotel', 60, 50, 96.1),
(344, 'Enterprise Hotel', 60, 14, 36.7),
(345, 'Felicity Resort', 60, 56, 41.1),
(346, 'Royal Hotel', 61, 56, 26.1),
(347, 'Imperial Hotel & Spa', 61, 11, 21.5),
(348, 'Jade Hotel', 61, 16, 33.3),
(349, 'Starlight Resort & Spa', 61, 20, 19.1),
(350, 'Daydream Hotel', 61, 95, 75.9),
(351, 'Triumph Resort', 61, 75, 43.2),
(352, 'Rainbow Resort & Spa', 61, 15, 53.9),
(353, 'Amber Hotel & Spa', 61, 24, 17.3),
(354, 'Snooze Hotel', 62, 39, 85.4),
(355, 'Enterprise Hotel', 62, 41, 85.5),
(356, 'History Resort', 62, 22, 16.7),
(357, 'History Resort', 62, 69, 36.0),
(358, 'Royal Hotel', 63, 67, 95.6),
(359, 'Golden Nugget Hotel', 63, 79, 74.5),
(360, 'Courtyard Hotel', 63, 47, 61.7),
(361, 'Ornate Hotel', 63, 98, 42.3),
(362, 'Opportunity Hotel', 63, 61, 58.1),
(363, 'Nostalgia Resort & Spa', 63, 76, 100.2),
(364, 'Ornate Resort', 63, 84, 65.2),
(365, 'Nimbus Hotel', 63, 28, 50.3),
(366, 'Grand Hotel', 63, 25, 41.0),
(367, 'Ornate Resort', 64, 76, 45.2),
(368, 'Amber Hotel & Spa', 65, 70, 77.0),
(369, 'Prophecy Resort', 65, 24, 73.1),
(370, 'Freedom Hotel', 65, 50, 99.9),
(371, 'Emerald Resort', 65, 67, 36.1),
(372, 'Triumph Resort', 65, 81, 58.4),
(373, 'Wanderlust Resort & Spa', 65, 19, 91.1),
(374, 'Epitome Hotel', 65, 34, 99.1),
(375, 'Slumber Hotel', 65, 31, 98.5),
(376, 'Diorama Hotel', 65, 95, 48.8),
(377, 'Aquamarine Lake Hotel', 65, 42, 87.9),
(378, 'Nimbus Hotel & Spa', 65, 101, 74.9),
(379, 'Deluxe Hotel', 66, 31, 25.8),
(380, 'Sightsee Resort', 66, 33, 92.3),
(381, 'Mirror Hotel', 66, 55, 61.0),
(382, 'Imperial Hotel & Spa', 66, 92, 61.9),
(383, 'Antiquity Hotel', 66, 97, 101.8),
(384, 'Imperial Hotel & Spa', 66, 29, 89.1),
(385, 'Sanctuary Hotel', 67, 63, 76.2),
(386, 'Vanilla Hotel', 67, 72, 24.2),
(387, 'Chateau Resort', 67, 16, 32.6),
(388, 'Starlight Hotel & Spa', 67, 71, 52.0),
(389, 'Imperial Hotel & Spa', 67, 81, 88.7),
(390, 'Amber Hotel & Spa', 67, 16, 98.6),
(391, 'Remote Legacy Hotel', 68, 33, 73.4),
(392, 'Curiosity Hotel', 68, 22, 55.8),
(393, 'Sweet Dreams Resort', 68, 34, 66.8),
(394, 'Voyager Hotel & Spa', 68, 49, 45.4),
(395, 'Majestic Resort', 68, 31, 70.2),
(396, 'Amenity Resort', 68, 83, 44.0),
(397, 'Sweet Dreams Resort', 69, 95, 16.8),
(398, 'Countryside Hotel', 69, 40, 33.6),
(399, 'Deluxe Hotel', 70, 75, 33.0),
(400, 'Recreation Hotel', 70, 23, 61.8),
(401, 'Exalted Resort', 70, 51, 45.1),
(402, 'Rosewood Hotel & Spa', 70, 57, 69.3),
(403, 'Exalted Resort', 70, 86, 81.8),
(404, 'Stratosphere Resort', 70, 86, 71.3),
(405, 'Deluxe Hotel', 70, 68, 71.7),
(406, 'Road Trip Resort', 71, 16, 101.3),
(407, 'Voyager Resort & Spa', 71, 75, 15.3),
(408, 'Coastline Hotel & Spa', 71, 82, 50.7),
(409, 'Recreation Hotel', 72, 69, 77.8),
(410, 'Voyager Resort & Spa', 72, 57, 95.1),
(411, 'Antiquity Hotel', 72, 20, 72.5),
(412, 'Countryside Hotel', 72, 41, 73.4),
(413, 'Paragon Hotel', 72, 56, 73.2),
(414, 'Sapphire Hotel', 72, 54, 91.6),
(415, 'Prophecy Resort', 73, 29, 90.5),
(416, 'Chateau Hotel & Spa', 73, 45, 53.8),
(417, 'Utopia Resort', 73, 24, 58.0),
(418, 'Exalted Resort & Spa', 73, 55, 12.7),
(419, 'Fantasy Hotel', 73, 91, 41.2),
(420, 'Rain Hotel', 73, 29, 28.1),
(421, 'Summit Hotel', 73, 62, 69.3),
(422, 'Stargaze Resort', 73, 67, 33.3),
(423, 'Repose Hotel', 74, 15, 87.2),
(424, 'Slumber Hotel', 74, 53, 66.5),
(425, 'Galaxy Hotel', 74, 49, 32.7),
(426, 'Ranch Hotel', 74, 47, 19.9),
(427, 'Salt Water Resort', 75, 64, 16.1),
(428, 'Diorama Resort', 75, 12, 17.2),
(429, 'Deluxe Resort', 75, 27, 32.2),
(430, 'Paragon Hotel & Spa', 75, 63, 90.8),
(431, 'Galaxy Hotel', 75, 74, 26.1),
(432, 'Chateau Resort', 75, 93, 100.3),
(433, 'Wanderlust Resort & Spa', 76, 11, 43.8),
(434, 'Asylum Hotel & Spa', 76, 70, 77.3),
(435, 'Rosewood Hotel & Spa', 76, 15, 83.5),
(436, 'Sanctuary Resort', 76, 70, 90.7),
(437, 'Diorama Resort', 76, 13, 11.5),
(438, 'Elysium Resort & Spa', 77, 83, 29.9),
(439, 'Prophecy Resort', 77, 87, 18.5),
(440, 'Chateau Hotel', 77, 76, 100.9),
(441, 'Windmill Resort', 77, 26, 34.2),
(442, 'Chateau Resort', 77, 79, 15.1),
(443, 'Smile Resort', 77, 67, 41.1),
(444, 'Seascape Hotel & Spa', 77, 71, 74.9),
(445, 'Travel Resort', 77, 74, 95.3)

SET IDENTITY_INSERT Hotels OFF;

-- Insert Rooms
SET IDENTITY_INSERT Rooms ON;

INSERT INTO Rooms (Id, HotelId, Price, Type, Beds) VALUES
(1, 4, 66.9, 'Second Class', 3),
(2, 4, 17.9, 'Economy', 4),
(3, 4, 60.8, 'Second Class', 1),
(4, 4, 68.2, 'Second Class', 4),
(5, 5, 13.1, 'Economy', 2),
(6, 5, 23.0, 'Third Class', 2),
(7, 5, 11.5, 'Economy', 2),
(8, 6, 60.1, 'Second Class', 1),
(9, 6, 12.4, 'Economy', 2),
(10, 6, 83.2, 'First Class', 4),
(11, 6, 24.4, 'Third Class', 3),
(12, 7, 82.3, 'First Class', 4),
(13, 7, 11.9, 'Economy', 1),
(14, 7, 67.7, 'Second Class', 4),
(15, 8, 61.0, 'Second Class', 1),
(16, 8, 82.2, 'First Class', 2),
(17, 8, 62.5, 'Second Class', 3),
(18, 9, 62.9, 'Second Class', 2),
(19, 9, 68.7, 'Second Class', 5),
(20, 9, 21.1, 'Third Class', 2),
(21, 10, 22.4, 'Third Class', 4),
(22, 11, 17.6, 'Economy', 4),
(23, 11, 20.4, 'Third Class', 3),
(24, 11, 83.7, 'First Class', 2),
(25, 11, 25.8, 'Third Class', 3),
(26, 12, 24.3, 'Third Class', 2),
(27, 12, 15.5, 'Economy', 3),
(28, 12, 23.4, 'Third Class', 4),
(29, 12, 15.5, 'Economy', 4),
(30, 13, 17.6, 'Economy', 4),
(31, 13, 21.8, 'Third Class', 1),
(32, 14, 11.0, 'Economy', 4),
(33, 14, 63.1, 'Second Class', 4),
(34, 14, 82.6, 'First Class', 1),
(35, 14, 62.3, 'Second Class', 1),
(36, 15, 20.5, 'Third Class', 1),
(37, 16, 25.9, 'Third Class', 5),
(38, 16, 11.3, 'Economy', 3),
(39, 17, 16.3, 'Economy', 4),
(40, 17, 83.3, 'First Class', 2),
(41, 17, 83.0, 'First Class', 3),
(42, 18, 14.2, 'Economy', 3),
(43, 18, 15.6, 'Economy', 4),
(44, 18, 21.4, 'Third Class', 2),
(45, 18, 21.7, 'Third Class', 2),
(46, 19, 29.6, 'Third Class', 5),
(47, 19, 12.5, 'Economy', 4),
(48, 19, 80.3, 'First Class', 4),
(49, 20, 81.5, 'First Class', 3),
(50, 20, 22.9, 'Third Class', 5),
(51, 21, 90.9, 'First Class', 5),
(52, 21, 12.4, 'Economy', 5),
(53, 21, 61.6, 'Second Class', 4),
(54, 21, 62.4, 'Second Class', 4),
(55, 23, 61.5, 'Second Class', 2),
(56, 23, 68.0, 'Second Class', 4),
(57, 23, 10.3, 'Economy', 2),
(58, 24, 65.3, 'Second Class', 5),
(59, 25, 60.1, 'Second Class', 3),
(60, 25, 61.0, 'Second Class', 2),
(61, 25, 11.7, 'Economy', 2),
(62, 26, 20.3, 'Third Class', 3),
(63, 26, 24.2, 'Third Class', 3),
(64, 28, 62.5, 'Second Class', 2),
(65, 29, 27.5, 'Third Class', 4),
(66, 30, 80.2, 'First Class', 1),
(67, 31, 10.7, 'Economy', 1),
(68, 31, 61.3, 'Second Class', 1),
(69, 32, 60.0, 'Second Class', 1),
(70, 32, 65.7, 'Second Class', 5),
(71, 32, 12.8, 'Economy', 2),
(72, 32, 80.1, 'First Class', 3),
(73, 33, 61.2, 'Second Class', 3),
(74, 34, 15.6, 'Economy', 4),
(75, 34, 81.1, 'First Class', 3),
(76, 35, 80.9, 'First Class', 1),
(77, 35, 62.9, 'Second Class', 1),
(78, 35, 11.5, 'Economy', 3),
(79, 35, 13.0, 'Economy', 2),
(80, 36, 13.1, 'Economy', 4),
(81, 36, 24.0, 'Third Class', 2),
(82, 36, 86.0, 'First Class', 5),
(83, 37, 15.1, 'Economy', 4),
(84, 37, 24.6, 'Third Class', 2),
(85, 37, 62.0, 'Second Class', 1),
(86, 37, 10.7, 'Economy', 4),
(87, 38, 14.8, 'Economy', 3),
(88, 38, 61.3, 'Second Class', 1),
(89, 40, 84.6, 'First Class', 4),
(90, 40, 60.1, 'Second Class', 4),
(91, 40, 61.5, 'Second Class', 3),
(92, 40, 85.0, 'First Class', 4),
(93, 43, 13.3, 'Economy', 2),
(94, 43, 81.4, 'First Class', 5),
(95, 46, 61.5, 'Second Class', 2),
(96, 46, 68.0, 'Second Class', 5),
(97, 47, 21.3, 'Third Class', 5),
(98, 47, 80.6, 'First Class', 3),
(99, 47, 30.7, 'Third Class', 5),
(100, 48, 23.0, 'Third Class', 1),
(101, 49, 11.9, 'Economy', 1),
(102, 49, 81.7, 'First Class', 2),
(103, 50, 11.1, 'Economy', 2),
(104, 50, 63.3, 'Second Class', 3),
(105, 50, 81.1, 'First Class', 1),
(106, 51, 24.3, 'Third Class', 2),
(107, 52, 61.3, 'Second Class', 3),
(108, 53, 13.0, 'Economy', 2),
(109, 53, 18.9, 'Economy', 5),
(110, 53, 60.3, 'Second Class', 4),
(111, 55, 82.6, 'First Class', 1),
(112, 55, 30.5, 'Third Class', 5),
(113, 55, 81.6, 'First Class', 1),
(114, 55, 63.0, 'Second Class', 5),
(115, 56, 21.2, 'Third Class', 3),
(116, 57, 89.5, 'First Class', 5),
(117, 57, 22.2, 'Third Class', 2),
(118, 60, 11.1, 'Economy', 1),
(119, 60, 62.8, 'Second Class', 5),
(120, 62, 62.6, 'Second Class', 4),
(121, 62, 62.8, 'Second Class', 4),
(122, 63, 24.4, 'Third Class', 5),
(123, 63, 11.1, 'Economy', 1),
(124, 63, 18.7, 'Economy', 5),
(125, 63, 18.7, 'Economy', 4),
(126, 64, 12.0, 'Economy', 2),
(127, 65, 20.4, 'Third Class', 3),
(128, 65, 27.1, 'Third Class', 4),
(129, 66, 84.0, 'First Class', 4),
(130, 66, 80.1, 'First Class', 5),
(131, 67, 20.7, 'Third Class', 1),
(132, 68, 83.6, 'First Class', 5),
(133, 68, 14.2, 'Economy', 2),
(134, 70, 82.2, 'First Class', 5),
(135, 70, 66.1, 'Second Class', 3),
(136, 70, 81.0, 'First Class', 1),
(137, 70, 67.9, 'Second Class', 5),
(138, 72, 61.7, 'Second Class', 1),
(139, 72, 27.7, 'Third Class', 5),
(140, 72, 11.0, 'Economy', 2),
(141, 72, 81.8, 'First Class', 2),
(142, 75, 12.5, 'Economy', 1),
(143, 75, 62.4, 'Second Class', 5),
(144, 76, 82.5, 'First Class', 1),
(145, 76, 80.4, 'First Class', 3),
(146, 76, 13.7, 'Economy', 5),
(147, 77, 27.4, 'Third Class', 5),
(148, 77, 61.4, 'Second Class', 5),
(149, 77, 82.2, 'First Class', 4),
(150, 78, 21.9, 'Third Class', 3),
(151, 78, 60.7, 'Second Class', 2),
(152, 78, 60.7, 'Second Class', 2),
(153, 79, 22.9, 'Third Class', 1),
(154, 80, 61.6, 'Second Class', 1),
(155, 80, 80.8, 'First Class', 2),
(156, 80, 22.1, 'Third Class', 1),
(157, 81, 80.0, 'First Class', 3),
(158, 82, 82.3, 'First Class', 1),
(159, 83, 11.6, 'Economy', 3),
(160, 85, 62.1, 'Second Class', 3),
(161, 85, 81.1, 'First Class', 5),
(162, 87, 63.7, 'Second Class', 2),
(163, 87, 10.4, 'Economy', 1),
(164, 87, 18.2, 'Economy', 4),
(165, 87, 15.2, 'Economy', 4),
(166, 88, 28.6, 'Third Class', 4),
(167, 88, 60.5, 'Second Class', 1),
(168, 88, 24.4, 'Third Class', 2),
(169, 88, 83.9, 'First Class', 4),
(170, 89, 27.3, 'Third Class', 5),
(171, 90, 13.3, 'Economy', 3),
(172, 90, 82.9, 'First Class', 4),
(173, 90, 80.4, 'First Class', 3),
(174, 90, 14.9, 'Economy', 5),
(175, 94, 66.6, 'Second Class', 3),
(176, 97, 16.4, 'Economy', 4),
(177, 97, 61.8, 'Second Class', 4),
(178, 97, 22.7, 'Third Class', 4),
(179, 97, 60.6, 'Second Class', 1),
(180, 98, 64.8, 'Second Class', 4),
(181, 98, 12.3, 'Economy', 4),
(182, 98, 61.3, 'Second Class', 1),
(183, 99, 20.1, 'Third Class', 5),
(184, 99, 22.6, 'Third Class', 5),
(185, 99, 83.7, 'First Class', 2),
(186, 99, 26.2, 'Third Class', 3),
(187, 100, 24.2, 'Third Class', 3),
(188, 103, 62.3, 'Second Class', 1),
(189, 103, 60.0, 'Second Class', 1),
(190, 103, 13.6, 'Economy', 3),
(191, 103, 20.7, 'Third Class', 1),
(192, 104, 82.6, 'First Class', 1),
(193, 104, 20.8, 'Third Class', 4),
(194, 104, 86.8, 'First Class', 3),
(195, 107, 10.0, 'Economy', 5),
(196, 107, 13.0, 'Economy', 2),
(197, 107, 81.6, 'First Class', 1),
(198, 107, 29.4, 'Third Class', 5),
(199, 108, 27.7, 'Third Class', 5),
(200, 108, 26.6, 'Third Class', 4),
(201, 109, 81.5, 'First Class', 1),
(202, 109, 23.8, 'Third Class', 2),
(203, 110, 20.3, 'Third Class', 5),
(204, 110, 82.4, 'First Class', 1),
(205, 110, 11.7, 'Economy', 5),
(206, 111, 13.5, 'Economy', 4),
(207, 111, 17.9, 'Economy', 4),
(208, 111, 10.6, 'Economy', 1),
(209, 112, 14.1, 'Economy', 2),
(210, 112, 11.0, 'Economy', 1),
(211, 112, 87.5, 'First Class', 5),
(212, 112, 80.7, 'First Class', 2),
(213, 113, 28.2, 'Third Class', 5),
(214, 113, 10.2, 'Economy', 4),
(215, 114, 81.0, 'First Class', 5),
(216, 114, 20.0, 'Third Class', 5),
(217, 114, 14.7, 'Economy', 2),
(218, 116, 26.5, 'Third Class', 4),
(219, 116, 21.0, 'Third Class', 1),
(220, 116, 60.7, 'Second Class', 1),
(221, 116, 12.1, 'Economy', 1),
(222, 117, 70.0, 'Second Class', 5),
(223, 117, 85.7, 'First Class', 3),
(224, 118, 22.6, 'Third Class', 1),
(225, 118, 60.1, 'Second Class', 1),
(226, 119, 26.4, 'Third Class', 4),
(227, 119, 82.6, 'First Class', 5),
(228, 121, 27.6, 'Third Class', 4),
(229, 121, 12.7, 'Economy', 1),
(230, 121, 14.8, 'Economy', 5),
(231, 121, 86.6, 'First Class', 3),
(232, 122, 66.8, 'Second Class', 4),
(233, 122, 13.8, 'Economy', 5),
(234, 122, 80.7, 'First Class', 4),
(235, 122, 21.4, 'Third Class', 1),
(236, 124, 25.1, 'Third Class', 3),
(237, 125, 80.1, 'First Class', 5),
(238, 125, 12.2, 'Economy', 3),
(239, 125, 86.0, 'First Class', 4),
(240, 126, 81.2, 'First Class', 2),
(241, 126, 14.0, 'Economy', 5),
(242, 126, 23.1, 'Third Class', 4),
(243, 129, 21.5, 'Third Class', 1),
(244, 129, 84.2, 'First Class', 3),
(245, 130, 82.1, 'First Class', 4),
(246, 130, 13.5, 'Economy', 5),
(247, 130, 12.4, 'Economy', 1),
(248, 130, 16.9, 'Economy', 3),
(249, 131, 10.7, 'Economy', 5),
(250, 131, 61.6, 'Second Class', 1),
(251, 131, 13.3, 'Economy', 3),
(252, 132, 82.7, 'First Class', 3),
(253, 132, 62.3, 'Second Class', 1),
(254, 132, 10.3, 'Economy', 4),
(255, 132, 64.6, 'Second Class', 5),
(256, 133, 84.9, 'First Class', 2),
(257, 133, 20.6, 'Economy', 5),
(258, 133, 24.1, 'Third Class', 4),
(259, 134, 19.1, 'Economy', 5),
(260, 134, 24.4, 'Third Class', 2),
(261, 134, 60.4, 'Second Class', 1),
(262, 134, 22.3, 'Third Class', 2),
(263, 135, 66.2, 'Second Class', 5),
(264, 136, 85.5, 'First Class', 5),
(265, 136, 67.1, 'Second Class', 4),
(266, 136, 21.5, 'Third Class', 1),
(267, 137, 17.1, 'Economy', 5),
(268, 137, 25.6, 'Third Class', 3),
(269, 138, 62.5, 'Second Class', 1),
(270, 139, 11.1, 'Economy', 5),
(271, 139, 11.8, 'Economy', 2),
(272, 140, 22.2, 'Third Class', 1),
(273, 140, 20.5, 'Third Class', 3),
(274, 140, 82.6, 'First Class', 5),
(275, 142, 81.1, 'First Class', 1),
(276, 142, 26.8, 'Third Class', 4),
(277, 142, 22.1, 'Third Class', 4),
(278, 142, 15.7, 'Economy', 4),
(279, 144, 11.1, 'Economy', 1),
(280, 144, 11.0, 'Economy', 2),
(281, 144, 21.3, 'Third Class', 5),
(282, 146, 22.1, 'Third Class', 1),
(283, 146, 15.5, 'Economy', 3),
(284, 147, 86.2, 'First Class', 3),
(285, 148, 83.1, 'First Class', 4),
(286, 148, 81.8, 'First Class', 2),
(287, 148, 84.2, 'First Class', 4),
(288, 149, 63.2, 'Second Class', 3),
(289, 149, 14.1, 'Economy', 2),
(290, 149, 30.5, 'Third Class', 5),
(291, 150, 62.7, 'Second Class', 1),
(292, 151, 66.4, 'Second Class', 3),
(293, 151, 24.1, 'Third Class', 2),
(294, 151, 12.3, 'Economy', 1),
(295, 151, 18.0, 'Economy', 5),
(296, 152, 22.4, 'Third Class', 4),
(297, 152, 26.1, 'Third Class', 3),
(298, 152, 87.0, 'First Class', 3),
(299, 153, 22.1, 'Third Class', 1),
(300, 153, 61.0, 'Second Class', 1),
(301, 153, 12.4, 'Economy', 5),
(302, 153, 82.3, 'First Class', 1),
(303, 154, 22.3, 'Third Class', 1),
(304, 154, 21.7, 'Third Class', 3),
(305, 154, 64.8, 'Second Class', 4),
(306, 154, 80.8, 'First Class', 2),
(307, 155, 66.0, 'Second Class', 5),
(308, 156, 22.0, 'Third Class', 1),
(309, 156, 82.3, 'First Class', 3),
(310, 157, 60.2, 'Second Class', 1),
(311, 157, 65.3, 'Second Class', 4),
(312, 158, 24.6, 'Third Class', 5),
(313, 159, 82.9, 'First Class', 4),
(314, 159, 21.8, 'Third Class', 2),
(315, 159, 83.2, 'First Class', 3),
(316, 159, 81.7, 'First Class', 2),
(317, 161, 14.7, 'Economy', 3),
(318, 162, 20.3, 'Third Class', 3),
(319, 162, 28.2, 'Third Class', 4),
(320, 162, 64.9, 'Second Class', 3),
(321, 162, 25.7, 'Third Class', 5),
(322, 163, 60.0, 'Second Class', 4),
(323, 163, 63.1, 'Second Class', 2),
(324, 164, 87.6, 'First Class', 5),
(325, 165, 16.1, 'Economy', 3),
(326, 165, 20.5, 'Third Class', 1),
(327, 165, 14.8, 'Economy', 2),
(328, 166, 21.3, 'Third Class', 2),
(329, 166, 61.9, 'Second Class', 1),
(330, 166, 13.4, 'Economy', 5),
(331, 167, 23.3, 'Third Class', 5),
(332, 167, 87.6, 'First Class', 4),
(333, 167, 10.6, 'Economy', 3),
(334, 167, 87.2, 'First Class', 4),
(335, 168, 20.5, 'Third Class', 4),
(336, 168, 10.1, 'Economy', 1),
(337, 169, 24.4, 'Third Class', 2),
(338, 169, 20.6, 'Third Class', 2),
(339, 169, 25.5, 'Third Class', 3),
(340, 170, 83.2, 'First Class', 4),
(341, 170, 21.2, 'Third Class', 2),
(342, 170, 13.2, 'Economy', 2),
(343, 172, 83.3, 'First Class', 5),
(344, 172, 81.0, 'First Class', 3),
(345, 173, 20.2, 'Third Class', 3),
(346, 173, 67.8, 'Second Class', 5),
(347, 173, 80.4, 'First Class', 2),
(348, 174, 11.6, 'Economy', 3),
(349, 174, 60.3, 'Second Class', 3),
(350, 174, 10.6, 'Economy', 1),
(351, 174, 28.6, 'Third Class', 5),
(352, 175, 10.2, 'Economy', 1),
(353, 175, 87.0, 'First Class', 4),
(354, 176, 13.9, 'Economy', 3),
(355, 176, 12.2, 'Economy', 2),
(356, 177, 20.2, 'Third Class', 2),
(357, 177, 14.4, 'Economy', 4),
(358, 178, 21.2, 'Third Class', 5),
(359, 178, 66.8, 'Second Class', 3),
(360, 179, 29.9, 'Third Class', 5),
(361, 182, 28.4, 'Third Class', 5),
(362, 182, 61.8, 'Second Class', 3),
(363, 182, 21.2, 'Third Class', 1),
(364, 182, 25.9, 'Third Class', 3),
(365, 185, 14.7, 'Economy', 4),
(366, 185, 64.3, 'Second Class', 2),
(367, 185, 83.1, 'First Class', 2),
(368, 185, 60.4, 'Second Class', 1),
(369, 186, 24.4, 'Third Class', 2),
(370, 186, 22.7, 'Third Class', 5),
(371, 187, 23.6, 'Third Class', 2),
(372, 187, 60.6, 'Second Class', 2),
(373, 187, 82.1, 'First Class', 4),
(374, 188, 26.9, 'Third Class', 5),
(375, 188, 16.1, 'Economy', 3),
(376, 189, 20.1, 'Third Class', 2),
(377, 189, 83.3, 'First Class', 3),
(378, 189, 22.3, 'Third Class', 2),
(379, 189, 28.1, 'Third Class', 4),
(380, 190, 62.0, 'Second Class', 2),
(381, 190, 23.2, 'Third Class', 3),
(382, 191, 10.5, 'Economy', 3),
(383, 191, 82.1, 'First Class', 2),
(384, 191, 80.4, 'First Class', 3),
(385, 192, 60.0, 'Second Class', 1),
(386, 194, 23.9, 'Third Class', 2),
(387, 194, 89.0, 'First Class', 4),
(388, 196, 22.5, 'Third Class', 1),
(389, 196, 82.1, 'First Class', 3),
(390, 196, 63.3, 'Second Class', 3),
(391, 197, 24.7, 'Third Class', 3),
(392, 197, 10.1, 'Economy', 1),
(393, 199, 16.4, 'Economy', 3),
(394, 199, 81.2, 'First Class', 2),
(395, 199, 16.2, 'Economy', 3),
(396, 199, 62.8, 'Second Class', 1),
(397, 200, 10.8, 'Economy', 3),
(398, 200, 13.6, 'Economy', 3),
(399, 200, 19.0, 'Economy', 5),
(400, 200, 60.1, 'Second Class', 3),
(401, 201, 80.1, 'First Class', 1),
(402, 203, 84.5, 'First Class', 2),
(403, 203, 12.4, 'Economy', 2),
(404, 204, 10.9, 'Economy', 1),
(405, 204, 80.5, 'First Class', 5),
(406, 205, 23.5, 'Third Class', 2),
(407, 205, 89.1, 'First Class', 5),
(408, 205, 67.0, 'Second Class', 4),
(409, 206, 80.9, 'First Class', 2),
(410, 206, 64.0, 'Second Class', 5),
(411, 206, 21.1, 'Third Class', 2),
(412, 206, 21.4, 'Third Class', 1),
(413, 207, 81.7, 'First Class', 1),
(414, 208, 11.8, 'Economy', 1),
(415, 208, 60.3, 'Second Class', 2),
(416, 208, 64.2, 'Second Class', 4),
(417, 208, 82.9, 'First Class', 2),
(418, 209, 12.3, 'Economy', 1),
(419, 209, 67.1, 'Second Class', 5),
(420, 209, 20.3, 'Third Class', 1),
(421, 209, 67.0, 'Second Class', 4),
(422, 210, 11.6, 'Economy', 3),
(423, 210, 63.8, 'Second Class', 2),
(424, 211, 60.4, 'Second Class', 4),
(425, 213, 65.8, 'Second Class', 3),
(426, 213, 17.2, 'Economy', 4),
(427, 213, 90.2, 'First Class', 5),
(428, 213, 12.1, 'Economy', 1),
(429, 214, 81.5, 'First Class', 4),
(430, 214, 82.1, 'First Class', 1),
(431, 215, 10.3, 'Economy', 2),
(432, 215, 23.9, 'Third Class', 4),
(433, 215, 24.4, 'Third Class', 5),
(434, 216, 63.1, 'Second Class', 4),
(435, 217, 10.9, 'Economy', 3),
(436, 218, 82.6, 'First Class', 4),
(437, 218, 13.7, 'Economy', 2),
(438, 218, 81.2, 'First Class', 1),
(439, 219, 82.3, 'First Class', 3),
(440, 219, 10.3, 'Economy', 1),
(441, 219, 61.2, 'Second Class', 4),
(442, 219, 22.7, 'Third Class', 2),
(443, 220, 62.2, 'Second Class', 2),
(444, 220, 14.9, 'Economy', 2),
(445, 220, 63.2, 'Second Class', 3),
(446, 221, 26.0, 'Third Class', 3),
(447, 221, 62.2, 'Second Class', 1),
(448, 221, 81.4, 'First Class', 1),
(449, 221, 64.6, 'Second Class', 2),
(450, 222, 11.2, 'Economy', 3),
(451, 222, 20.8, 'Third Class', 4),
(452, 223, 12.4, 'Economy', 3),
(453, 223, 83.9, 'First Class', 2),
(454, 223, 10.7, 'Economy', 1),
(455, 223, 82.0, 'First Class', 1),
(456, 224, 87.0, 'First Class', 4),
(457, 224, 86.4, 'First Class', 3),
(458, 224, 67.1, 'Second Class', 5),
(459, 224, 21.4, 'Third Class', 1),
(460, 225, 63.6, 'Second Class', 2),
(461, 225, 65.9, 'Second Class', 5),
(462, 226, 81.7, 'First Class', 2),
(463, 226, 86.7, 'First Class', 4),
(464, 226, 24.3, 'Third Class', 4),
(465, 227, 82.1, 'First Class', 1),
(466, 227, 13.0, 'Economy', 2),
(467, 228, 24.4, 'Third Class', 2),
(468, 230, 11.6, 'Economy', 2),
(469, 230, 22.0, 'Third Class', 3),
(470, 230, 88.9, 'First Class', 5),
(471, 231, 60.8, 'Second Class', 1),
(472, 232, 21.2, 'Third Class', 3),
(473, 233, 81.1, 'First Class', 2),
(474, 233, 21.0, 'Third Class', 5),
(475, 233, 21.4, 'Third Class', 4),
(476, 233, 10.3, 'Economy', 2),
(477, 234, 62.2, 'Second Class', 2),
(478, 234, 60.2, 'Second Class', 1),
(479, 234, 10.9, 'Economy', 2),
(480, 235, 22.7, 'Third Class', 2),
(481, 235, 86.1, 'First Class', 5),
(482, 235, 62.2, 'Second Class', 1),
(483, 235, 66.2, 'Second Class', 4),
(484, 237, 84.8, 'First Class', 2),
(485, 237, 63.0, 'Second Class', 2),
(486, 237, 12.0, 'Economy', 1),
(487, 237, 87.7, 'First Class', 5),
(488, 238, 14.8, 'Economy', 2),
(489, 239, 11.0, 'Economy', 1),
(490, 240, 82.7, 'First Class', 1),
(491, 240, 29.3, 'Third Class', 5),
(492, 241, 19.3, 'Economy', 5),
(493, 242, 12.7, 'Economy', 1),
(494, 243, 10.1, 'Economy', 4),
(495, 243, 24.2, 'Third Class', 4),
(496, 243, 17.0, 'Economy', 3),
(497, 245, 27.4, 'Third Class', 5),
(498, 247, 88.3, 'First Class', 4),
(499, 247, 61.4, 'Second Class', 5),
(500, 247, 62.9, 'Second Class', 2),
(501, 248, 82.4, 'First Class', 1),
(502, 248, 21.5, 'Third Class', 1),
(503, 248, 21.2, 'Third Class', 4),
(504, 248, 21.8, 'Third Class', 2),
(505, 251, 26.6, 'Third Class', 3),
(506, 251, 18.6, 'Economy', 4),
(507, 252, 63.3, 'Second Class', 3),
(508, 252, 24.4, 'Third Class', 3),
(509, 254, 13.6, 'Economy', 2),
(510, 254, 81.2, 'First Class', 1),
(511, 254, 22.0, 'Third Class', 3),
(512, 255, 89.7, 'First Class', 5),
(513, 255, 82.7, 'First Class', 2),
(514, 256, 88.8, 'First Class', 5),
(515, 257, 84.1, 'First Class', 5),
(516, 257, 85.0, 'First Class', 3),
(517, 257, 12.1, 'Economy', 1),
(518, 258, 26.0, 'Third Class', 3),
(519, 258, 12.5, 'Economy', 4),
(520, 258, 10.4, 'Economy', 1),
(521, 258, 65.6, 'Second Class', 3),
(522, 260, 83.9, 'First Class', 3),
(523, 260, 64.9, 'Second Class', 2),
(524, 260, 64.7, 'Second Class', 3),
(525, 261, 62.3, 'Second Class', 2),
(526, 261, 81.1, 'First Class', 5),
(527, 261, 66.2, 'Second Class', 4),
(528, 261, 20.2, 'Third Class', 3),
(529, 262, 20.8, 'Third Class', 3),
(530, 262, 10.1, 'Economy', 1),
(531, 262, 60.0, 'Second Class', 4),
(532, 262, 21.8, 'Third Class', 3),
(533, 263, 12.8, 'Economy', 1),
(534, 264, 11.2, 'Economy', 2),
(535, 264, 80.6, 'First Class', 2),
(536, 264, 25.6, 'Third Class', 5),
(537, 265, 86.8, 'First Class', 4),
(538, 265, 21.8, 'Third Class', 3),
(539, 265, 85.3, 'First Class', 3),
(540, 265, 31.0, 'Third Class', 5),
(541, 266, 81.5, 'First Class', 2),
(542, 266, 16.9, 'Economy', 3),
(543, 266, 61.8, 'Second Class', 2),
(544, 266, 10.7, 'Economy', 4),
(545, 268, 12.2, 'Economy', 2),
(546, 268, 10.0, 'Economy', 4),
(547, 268, 19.8, 'Economy', 5),
(548, 268, 18.7, 'Economy', 5),
(549, 269, 88.8, 'First Class', 4),
(550, 269, 21.7, 'Third Class', 3),
(551, 269, 21.7, 'Third Class', 3),
(552, 269, 16.2, 'Economy', 3),
(553, 270, 61.0, 'Second Class', 4),
(554, 270, 62.5, 'Second Class', 1),
(555, 271, 25.1, 'Third Class', 3),
(556, 271, 16.7, 'Economy', 3),
(557, 271, 88.1, 'First Class', 5),
(558, 272, 21.2, 'Third Class', 2),
(559, 272, 11.1, 'Economy', 1),
(560, 272, 11.5, 'Economy', 3),
(561, 272, 11.2, 'Economy', 5),
(562, 273, 12.9, 'Economy', 1),
(563, 274, 81.4, 'First Class', 2),
(564, 274, 10.2, 'Economy', 1),
(565, 274, 64.2, 'Second Class', 4),
(566, 274, 89.1, 'First Class', 5),
(567, 275, 26.9, 'Third Class', 3),
(568, 275, 64.4, 'Second Class', 2),
(569, 276, 10.2, 'Economy', 3),
(570, 276, 82.2, 'First Class', 1),
(571, 276, 12.8, 'Economy', 1),
(572, 277, 28.3, 'Third Class', 5),
(573, 278, 65.7, 'Second Class', 3),
(574, 279, 81.3, 'First Class', 3),
(575, 280, 87.4, 'First Class', 5),
(576, 281, 24.4, 'Third Class', 2),
(577, 281, 14.9, 'Economy', 3),
(578, 282, 12.9, 'Economy', 3),
(579, 283, 13.4, 'Economy', 2),
(580, 283, 28.0, 'Third Class', 4),
(581, 284, 66.3, 'Second Class', 3),
(582, 284, 62.1, 'Second Class', 1),
(583, 285, 19.9, 'Economy', 5),
(584, 285, 16.4, 'Economy', 3),
(585, 286, 61.6, 'Second Class', 1),
(586, 287, 13.0, 'Economy', 4),
(587, 287, 26.9, 'Third Class', 3),
(588, 287, 24.5, 'Third Class', 3),
(589, 287, 60.5, 'Second Class', 2),
(590, 288, 26.2, 'Third Class', 4),
(591, 288, 65.9, 'Second Class', 4),
(592, 288, 12.9, 'Economy', 1),
(593, 290, 87.5, 'First Class', 5),
(594, 290, 80.6, 'First Class', 2),
(595, 290, 61.1, 'Second Class', 1),
(596, 291, 61.2, 'Second Class', 4),
(597, 292, 30.5, 'Third Class', 5),
(598, 292, 62.8, 'Second Class', 1),
(599, 293, 82.2, 'First Class', 5),
(600, 295, 67.5, 'Second Class', 5),
(601, 296, 67.9, 'Second Class', 5),
(602, 296, 68.4, 'Second Class', 4),
(603, 297, 22.1, 'Third Class', 5),
(604, 297, 11.0, 'Economy', 1),
(605, 297, 20.5, 'Third Class', 2),
(606, 299, 88.2, 'First Class', 4),
(607, 299, 80.5, 'First Class', 5),
(608, 299, 68.7, 'Second Class', 5),
(609, 299, 66.4, 'Second Class', 3),
(610, 301, 84.0, 'First Class', 3),
(611, 301, 11.7, 'Economy', 5),
(612, 303, 14.9, 'Economy', 5),
(613, 303, 18.9, 'Economy', 4),
(614, 303, 20.1, 'Third Class', 2),
(615, 304, 62.8, 'Second Class', 3),
(616, 304, 61.1, 'Second Class', 3),
(617, 304, 12.5, 'Economy', 1),
(618, 305, 81.1, 'First Class', 2),
(619, 305, 12.2, 'Economy', 1),
(620, 305, 10.3, 'Economy', 2),
(621, 306, 80.6, 'First Class', 4),
(622, 306, 84.7, 'First Class', 5),
(623, 306, 16.7, 'Economy', 5),
(624, 308, 16.5, 'Economy', 5),
(625, 308, 62.8, 'Second Class', 1),
(626, 309, 80.1, 'First Class', 1),
(627, 309, 10.2, 'Economy', 4),
(628, 309, 83.4, 'First Class', 4),
(629, 310, 20.3, 'Third Class', 1),
(630, 311, 11.7, 'Economy', 1),
(631, 311, 16.3, 'Economy', 4),
(632, 312, 84.7, 'First Class', 2),
(633, 312, 81.7, 'First Class', 2),
(634, 313, 23.2, 'Third Class', 5),
(635, 313, 11.5, 'Economy', 1),
(636, 313, 12.4, 'Economy', 2),
(637, 313, 81.4, 'First Class', 3),
(638, 314, 27.1, 'Third Class', 5),
(639, 315, 22.0, 'Third Class', 2),
(640, 316, 81.1, 'First Class', 2),
(641, 316, 82.3, 'First Class', 5),
(642, 317, 86.1, 'First Class', 5),
(643, 317, 81.4, 'First Class', 2),
(644, 317, 20.1, 'Third Class', 1),
(645, 317, 62.7, 'Second Class', 3),
(646, 318, 86.5, 'First Class', 5),
(647, 318, 84.3, 'First Class', 2),
(648, 318, 17.6, 'Economy', 5),
(649, 318, 67.5, 'Second Class', 5),
(650, 319, 80.6, 'First Class', 4),
(651, 319, 12.9, 'Economy', 2),
(652, 319, 18.4, 'Economy', 4),
(653, 319, 67.5, 'Second Class', 4),
(654, 321, 84.7, 'First Class', 4),
(655, 321, 22.8, 'Third Class', 2),
(656, 321, 11.9, 'Economy', 4),
(657, 322, 84.0, 'First Class', 2),
(658, 324, 85.2, 'First Class', 3),
(659, 324, 82.3, 'First Class', 1),
(660, 324, 85.3, 'First Class', 5),
(661, 325, 62.0, 'Second Class', 2),
(662, 325, 11.2, 'Economy', 4),
(663, 325, 10.4, 'Economy', 5),
(664, 325, 61.8, 'Second Class', 1),
(665, 326, 15.5, 'Economy', 4),
(666, 326, 88.1, 'First Class', 4),
(667, 326, 24.1, 'Third Class', 2),
(668, 327, 85.3, 'First Class', 4),
(669, 327, 62.3, 'Second Class', 3),
(670, 329, 13.8, 'Economy', 2),
(671, 329, 23.6, 'Third Class', 3),
(672, 331, 21.9, 'Third Class', 1),
(673, 331, 65.2, 'Second Class', 3),
(674, 331, 86.0, 'First Class', 4),
(675, 332, 62.7, 'Second Class', 4),
(676, 333, 61.7, 'Second Class', 2),
(677, 333, 21.3, 'Third Class', 2),
(678, 334, 23.2, 'Third Class', 3),
(679, 334, 12.4, 'Economy', 1),
(680, 335, 16.0, 'Economy', 4),
(681, 337, 62.1, 'Second Class', 5),
(682, 337, 84.3, 'First Class', 5),
(683, 337, 80.1, 'First Class', 3),
(684, 337, 14.8, 'Economy', 5),
(685, 338, 60.0, 'Second Class', 4),
(686, 338, 82.3, 'First Class', 4),
(687, 339, 22.4, 'Third Class', 1),
(688, 339, 22.2, 'Third Class', 4),
(689, 340, 87.8, 'First Class', 4),
(690, 341, 22.7, 'Third Class', 4),
(691, 341, 21.6, 'Third Class', 1),
(692, 341, 22.1, 'Third Class', 3),
(693, 341, 61.4, 'Second Class', 2),
(694, 342, 81.7, 'First Class', 1),
(695, 342, 12.0, 'Economy', 1),
(696, 342, 82.3, 'First Class', 4),
(697, 343, 21.6, 'Third Class', 2),
(698, 343, 81.4, 'First Class', 1),
(699, 343, 84.9, 'First Class', 2),
(700, 343, 13.3, 'Economy', 3),
(701, 344, 12.5, 'Economy', 4),
(702, 345, 80.8, 'First Class', 2),
(703, 345, 62.6, 'Second Class', 5),
(704, 345, 23.2, 'Third Class', 3),
(705, 346, 10.9, 'Economy', 5),
(706, 346, 11.8, 'Economy', 4),
(707, 346, 83.3, 'First Class', 5),
(708, 346, 20.8, 'Third Class', 3),
(709, 347, 82.0, 'First Class', 2),
(710, 347, 12.5, 'Economy', 1),
(711, 348, 23.0, 'Third Class', 3),
(712, 349, 81.7, 'First Class', 5),
(713, 349, 83.0, 'First Class', 2),
(714, 349, 16.0, 'Economy', 5),
(715, 350, 61.7, 'Second Class', 4),
(716, 350, 60.9, 'Second Class', 1),
(717, 350, 18.8, 'Economy', 4),
(718, 351, 11.0, 'Economy', 1),
(719, 352, 13.4, 'Economy', 4),
(720, 352, 12.4, 'Economy', 1),
(721, 353, 63.1, 'Second Class', 5),
(722, 354, 12.3, 'Economy', 1),
(723, 354, 11.9, 'Economy', 3),
(724, 354, 62.5, 'Second Class', 5),
(725, 354, 22.9, 'Third Class', 1),
(726, 355, 83.3, 'First Class', 3),
(727, 355, 90.2, 'First Class', 5),
(728, 357, 11.0, 'Economy', 1),
(729, 357, 89.9, 'First Class', 5),
(730, 357, 20.6, 'Economy', 5),
(731, 357, 64.1, 'Second Class', 2),
(732, 358, 12.2, 'Economy', 2),
(733, 358, 27.8, 'Third Class', 5),
(734, 358, 21.2, 'Third Class', 2),
(735, 358, 12.6, 'Economy', 5),
(736, 360, 64.9, 'Second Class', 4),
(737, 360, 61.3, 'Second Class', 2),
(738, 360, 62.1, 'Second Class', 2),
(739, 360, 20.8, 'Third Class', 1),
(740, 361, 13.5, 'Economy', 4),
(741, 361, 24.7, 'Third Class', 4),
(742, 361, 69.4, 'Second Class', 5),
(743, 362, 10.7, 'Economy', 1),
(744, 363, 12.6, 'Economy', 1),
(745, 363, 82.4, 'First Class', 1),
(746, 363, 14.8, 'Economy', 4),
(747, 363, 10.3, 'Economy', 1),
(748, 364, 25.9, 'Third Class', 3),
(749, 366, 11.2, 'Economy', 3),
(750, 366, 12.8, 'Economy', 1),
(751, 366, 10.8, 'Economy', 4),
(752, 367, 84.1, 'First Class', 2),
(753, 367, 22.9, 'Third Class', 3),
(754, 367, 61.8, 'Second Class', 1),
(755, 367, 11.2, 'Economy', 1),
(756, 368, 16.2, 'Economy', 3),
(757, 368, 84.3, 'First Class', 3),
(758, 369, 84.6, 'First Class', 3),
(759, 369, 19.8, 'Economy', 5),
(760, 369, 81.7, 'First Class', 4),
(761, 371, 22.5, 'Third Class', 2),
(762, 372, 22.3, 'Third Class', 5),
(763, 373, 61.9, 'Second Class', 5),
(764, 373, 25.6, 'Third Class', 3),
(765, 373, 67.5, 'Second Class', 5),
(766, 374, 19.3, 'Economy', 5),
(767, 375, 80.9, 'First Class', 3),
(768, 375, 61.0, 'Second Class', 1),
(769, 375, 20.2, 'Third Class', 4),
(770, 375, 13.5, 'Economy', 4),
(771, 376, 85.3, 'First Class', 5),
(772, 376, 21.4, 'Third Class', 1),
(773, 376, 20.2, 'Third Class', 2),
(774, 377, 21.8, 'Third Class', 5),
(775, 377, 82.8, 'First Class', 1),
(776, 377, 80.9, 'First Class', 2),
(777, 378, 90.0, 'First Class', 5),
(778, 378, 65.9, 'Second Class', 5),
(779, 378, 64.1, 'Second Class', 2),
(780, 379, 26.7, 'Third Class', 4),
(781, 379, 20.5, 'Third Class', 3),
(782, 379, 24.2, 'Third Class', 3),
(783, 380, 60.6, 'Second Class', 1),
(784, 380, 11.1, 'Economy', 1),
(785, 380, 85.2, 'First Class', 4),
(786, 381, 13.1, 'Economy', 5),
(787, 381, 82.5, 'First Class', 2),
(788, 381, 24.5, 'Third Class', 2),
(789, 382, 20.3, 'Third Class', 2),
(790, 382, 16.8, 'Economy', 4),
(791, 382, 24.4, 'Third Class', 5),
(792, 383, 86.8, 'First Class', 5),
(793, 383, 60.9, 'Second Class', 2),
(794, 383, 11.6, 'Economy', 2),
(795, 384, 20.2, 'Third Class', 1),
(796, 385, 26.8, 'Third Class', 3),
(797, 386, 63.6, 'Second Class', 3),
(798, 387, 88.9, 'First Class', 5),
(799, 387, 63.2, 'Second Class', 4),
(800, 387, 61.4, 'Second Class', 1),
(801, 388, 11.8, 'Economy', 5),
(802, 388, 14.5, 'Economy', 2),
(803, 388, 17.2, 'Economy', 4),
(804, 389, 86.8, 'First Class', 3),
(805, 389, 24.1, 'Third Class', 4),
(806, 389, 21.6, 'Third Class', 1),
(807, 389, 84.3, 'First Class', 4),
(808, 390, 61.5, 'Second Class', 4),
(809, 390, 24.4, 'Third Class', 3),
(810, 390, 22.8, 'Third Class', 1),
(811, 391, 16.5, 'Economy', 3),
(812, 391, 86.8, 'First Class', 3),
(813, 393, 26.1, 'Third Class', 3),
(814, 393, 61.1, 'Second Class', 1),
(815, 395, 12.3, 'Economy', 1),
(816, 397, 23.8, 'Third Class', 2),
(817, 397, 60.3, 'Second Class', 2),
(818, 397, 24.7, 'Third Class', 2),
(819, 398, 21.1, 'Third Class', 2),
(820, 398, 15.3, 'Economy', 5),
(821, 398, 23.4, 'Third Class', 3),
(822, 400, 21.5, 'Third Class', 1),
(823, 401, 85.0, 'First Class', 2),
(824, 402, 12.9, 'Economy', 1),
(825, 404, 84.8, 'First Class', 2),
(826, 404, 86.7, 'First Class', 5),
(827, 404, 61.9, 'Second Class', 4),
(828, 404, 80.2, 'First Class', 2),
(829, 405, 61.7, 'Second Class', 2),
(830, 406, 61.5, 'Second Class', 5),
(831, 406, 21.4, 'Third Class', 3),
(832, 406, 63.9, 'Second Class', 5),
(833, 407, 63.4, 'Second Class', 2),
(834, 407, 19.4, 'Economy', 5),
(835, 408, 20.8, 'Third Class', 4),
(836, 408, 16.6, 'Economy', 5),
(837, 409, 63.0, 'Second Class', 2),
(838, 409, 24.5, 'Third Class', 2),
(839, 409, 83.0, 'First Class', 4),
(840, 410, 16.2, 'Economy', 4),
(841, 410, 61.5, 'Second Class', 1),
(842, 410, 14.3, 'Economy', 3),
(843, 411, 84.9, 'First Class', 3),
(844, 411, 61.4, 'Second Class', 1),
(845, 411, 22.1, 'Third Class', 2),
(846, 412, 13.3, 'Economy', 3),
(847, 412, 61.9, 'Second Class', 2),
(848, 412, 82.8, 'First Class', 2),
(849, 412, 10.5, 'Economy', 3),
(850, 413, 10.4, 'Economy', 4),
(851, 413, 22.4, 'Third Class', 1),
(852, 415, 84.6, 'First Class', 3),
(853, 415, 15.3, 'Economy', 3),
(854, 415, 28.6, 'Third Class', 4),
(855, 415, 85.2, 'First Class', 4),
(856, 416, 20.9, 'Third Class', 3),
(857, 416, 83.8, 'First Class', 3),
(858, 416, 20.2, 'Third Class', 3),
(859, 416, 60.9, 'Second Class', 3),
(860, 417, 81.8, 'First Class', 4),
(861, 418, 22.3, 'Third Class', 5),
(862, 418, 21.1, 'Third Class', 4),
(863, 418, 90.9, 'First Class', 5),
(864, 418, 27.9, 'Third Class', 4),
(865, 419, 63.5, 'Second Class', 3),
(866, 419, 22.9, 'Third Class', 1),
(867, 419, 82.8, 'First Class', 4),
(868, 421, 80.3, 'First Class', 2),
(869, 421, 63.1, 'Second Class', 4),
(870, 422, 13.4, 'Economy', 3),
(871, 422, 83.1, 'First Class', 4),
(872, 422, 62.8, 'Second Class', 1),
(873, 424, 83.6, 'First Class', 3),
(874, 424, 13.8, 'Economy', 3),
(875, 425, 14.0, 'Economy', 4),
(876, 425, 15.0, 'Economy', 4),
(877, 425, 11.5, 'Economy', 5),
(878, 425, 69.0, 'Second Class', 4),
(879, 426, 83.3, 'First Class', 3),
(880, 426, 14.1, 'Economy', 5),
(881, 426, 10.8, 'Economy', 5),
(882, 427, 26.6, 'Third Class', 4),
(883, 427, 82.0, 'First Class', 5),
(884, 427, 25.5, 'Third Class', 4),
(885, 427, 61.8, 'Second Class', 1),
(886, 428, 26.1, 'Third Class', 3),
(887, 428, 21.0, 'Third Class', 4),
(888, 428, 60.7, 'Second Class', 1),
(889, 428, 70.9, 'Second Class', 5),
(890, 429, 62.8, 'Second Class', 1),
(891, 430, 82.0, 'First Class', 3),
(892, 432, 16.6, 'Economy', 5),
(893, 433, 23.6, 'Third Class', 2),
(894, 433, 23.3, 'Third Class', 2),
(895, 434, 81.9, 'First Class', 4),
(896, 436, 22.8, 'Third Class', 3),
(897, 436, 15.2, 'Economy', 3),
(898, 436, 21.1, 'Third Class', 1),
(899, 436, 81.1, 'First Class', 5),
(900, 437, 26.8, 'Third Class', 3),
(901, 437, 89.7, 'First Class', 5),
(902, 437, 24.2, 'Third Class', 2),
(903, 437, 26.6, 'Third Class', 5),
(904, 439, 21.2, 'Third Class', 1),
(905, 439, 83.5, 'First Class', 2),
(906, 439, 67.2, 'Second Class', 4),
(907, 440, 80.9, 'First Class', 1),
(908, 441, 86.8, 'First Class', 3),
(909, 441, 23.3, 'Third Class', 4),
(910, 444, 21.4, 'Third Class', 5),
(911, 444, 11.4, 'Economy', 3),
(912, 444, 64.7, 'Second Class', 4),
(913, 445, 86.9, 'First Class', 4),
(914, 445, 23.2, 'Third Class', 2),
(915, 445, 84.5, 'First Class', 2),
(916, 445, 11.9, 'Economy', 4)

SET IDENTITY_INSERT Rooms OFF;

-- Insert Trips
SET IDENTITY_INSERT Trips ON;

INSERT INTO Trips (Id, RoomId, BookDate, ArrivalDate, ReturnDate, CancelDate) VALUES
(1, 1, '2018-04-16 15:00:00', '2018-04-27 15:00:00', '2018-05-02 15:00:00', NULL),
(2, 1, '2014-02-07 07:00:00', '2014-02-26 07:00:00', '2014-03-01 07:00:00', NULL),
(3, 2, '2015-07-18 05:00:00', '2015-07-21 05:00:00', '2015-07-24 05:00:00', NULL),
(4, 4, '2011-02-15 05:00:00', '2011-03-16 05:00:00', '2011-03-21 05:00:00', NULL),
(5, 4, '2013-01-17 00:00:00', '2013-01-20 00:00:00', '2013-01-26 00:00:00', NULL),
(6, 5, '2017-11-11 00:00:00', '2017-11-18 00:00:00', '2017-11-20 00:00:00', NULL),
(7, 7, '2010-07-13 08:00:00', '2010-07-26 08:00:00', '2010-08-01 08:00:00', NULL),
(8, 9, '2011-05-27 23:00:00', '2011-06-10 23:00:00', '2011-06-17 23:00:00', NULL),
(9, 9, '2012-10-31 09:00:00', '2012-11-24 09:00:00', '2012-11-28 09:00:00', NULL),
(10, 10, '2012-01-15 23:00:00', '2012-02-09 23:00:00', '2012-02-11 23:00:00', NULL),
(11, 10, '2018-09-22 18:00:00', '2018-10-08 18:00:00', '2018-10-10 18:00:00', NULL),
(12, 11, '2016-07-08 21:00:00', '2016-07-14 21:00:00', '2016-07-21 21:00:00', NULL),
(13, 11, '2018-01-02 05:00:00', '2018-01-27 05:00:00', '2018-01-29 05:00:00', NULL),
(14, 13, '2011-12-09 12:00:00', '2011-12-14 12:00:00', '2011-12-18 12:00:00', NULL),
(15, 14, '2016-06-11 18:00:00', '2016-06-12 18:00:00', '2016-06-13 18:00:00', NULL),
(16, 15, '2014-02-07 20:00:00', '2014-03-06 20:00:00', '2014-03-08 20:00:00', NULL),
(17, 16, '2017-07-18 20:00:00', '2017-08-07 20:00:00', '2017-08-09 20:00:00', NULL),
(18, 17, '2011-06-25 14:00:00', '2011-07-13 14:00:00', '2011-07-14 14:00:00', NULL),
(19, 17, '2012-12-22 19:00:00', '2013-01-05 19:00:00', '2013-01-11 19:00:00', NULL),
(20, 18, '2012-02-13 01:00:00', '2012-02-15 01:00:00', '2012-02-17 01:00:00', NULL),
(21, 18, '2015-08-12 09:00:00', '2015-08-19 09:00:00', '2015-08-25 09:00:00', NULL),
(22, 20, '2017-12-17 15:00:00', '2018-01-15 15:00:00', '2018-01-21 15:00:00', NULL),
(23, 21, '2012-12-23 19:00:00', '2013-01-20 19:00:00', '2013-01-27 19:00:00', NULL),
(24, 21, '2013-11-27 04:00:00', '2013-12-08 04:00:00', '2013-12-10 04:00:00', NULL),
(25, 24, '2016-02-14 16:00:00', '2016-02-24 16:00:00', '2016-02-29 16:00:00', NULL),
(26, 25, '2010-12-30 21:00:00', '2011-01-06 21:00:00', '2011-01-09 21:00:00', NULL),
(27, 25, '2015-06-21 23:00:00', '2015-06-27 23:00:00', '2015-07-04 23:00:00', NULL),
(28, 26, '2012-12-11 02:00:00', '2013-01-01 02:00:00', '2013-01-07 02:00:00', NULL),
(29, 26, '2011-02-09 06:00:00', '2011-02-16 06:00:00', '2011-02-23 06:00:00', NULL),
(30, 27, '2017-05-15 05:00:00', '2017-05-25 05:00:00', '2017-05-28 05:00:00', NULL),
(31, 28, '2013-11-06 21:00:00', '2013-11-21 21:00:00', '2013-11-23 21:00:00', NULL),
(32, 28, '2016-03-19 18:00:00', '2016-03-22 18:00:00', '2016-03-29 18:00:00', NULL),
(33, 29, '2011-11-07 11:00:00', '2011-11-17 11:00:00', '2011-11-24 11:00:00', NULL),
(34, 30, '2010-12-22 14:00:00', '2011-01-10 14:00:00', '2011-01-13 14:00:00', NULL),
(35, 30, '2018-02-09 13:00:00', '2018-02-21 13:00:00', '2018-02-24 13:00:00', NULL),
(36, 35, '2014-02-04 21:00:00', '2014-02-05 21:00:00', '2014-02-09 21:00:00', NULL),
(37, 36, '2013-12-31 21:00:00', '2014-01-05 21:00:00', '2014-01-11 21:00:00', NULL),
(38, 37, '2010-08-18 20:00:00', '2010-08-25 20:00:00', '2010-09-01 20:00:00', NULL),
(39, 37, '2011-06-30 13:00:00', '2011-07-13 13:00:00', '2011-07-18 13:00:00', NULL),
(40, 39, '2013-07-01 04:00:00', '2013-07-08 04:00:00', '2013-07-15 04:00:00', NULL),
(41, 39, '2012-04-08 23:00:00', '2012-04-16 23:00:00', '2012-04-18 23:00:00', NULL),
(42, 40, '2010-04-24 20:00:00', '2010-04-26 20:00:00', '2010-05-02 20:00:00', NULL),
(43, 42, '2018-04-20 14:00:00', '2018-04-28 14:00:00', '2018-04-29 14:00:00', NULL),
(44, 44, '2012-08-02 17:00:00', '2012-08-15 17:00:00', '2012-08-20 17:00:00', NULL),
(45, 45, '2010-02-26 06:00:00', '2010-03-08 06:00:00', '2010-03-14 06:00:00', NULL),
(46, 45, '2011-04-05 12:00:00', '2011-04-24 12:00:00', '2011-04-25 12:00:00', NULL),
(47, 46, '2016-03-17 21:00:00', '2016-03-27 21:00:00', '2016-03-31 21:00:00', NULL),
(48, 46, '2013-06-25 06:00:00', '2013-06-26 06:00:00', '2013-06-27 06:00:00', NULL),
(49, 47, '2011-05-26 15:00:00', '2011-05-31 15:00:00', '2011-06-04 15:00:00', '2011-05-27 15:00:00'),
(50, 48, '2012-06-04 23:00:00', '2012-07-02 23:00:00', '2012-07-05 23:00:00', NULL),
(51, 49, '2018-10-23 13:00:00', '2018-10-26 13:00:00', '2018-10-31 13:00:00', NULL),
(52, 49, '2016-11-11 13:00:00', '2016-12-10 13:00:00', '2016-12-16 13:00:00', NULL),
(53, 50, '2012-01-18 11:00:00', '2012-02-14 11:00:00', '2012-02-19 11:00:00', NULL),
(54, 51, '2011-04-09 05:00:00', '2011-05-06 05:00:00', '2011-05-13 05:00:00', NULL),
(55, 53, '2014-08-17 05:00:00', '2014-09-12 05:00:00', '2014-09-14 05:00:00', NULL),
(56, 53, '2015-05-14 22:00:00', '2015-06-08 22:00:00', '2015-06-15 22:00:00', NULL),
(57, 54, '2015-12-12 16:00:00', '2015-12-29 16:00:00', '2015-12-31 16:00:00', NULL),
(58, 54, '2012-08-15 16:00:00', '2012-08-29 16:00:00', '2012-09-01 16:00:00', NULL),
(59, 55, '2013-10-30 04:00:00', '2013-11-25 04:00:00', '2013-11-27 04:00:00', NULL),
(60, 55, '2012-10-16 10:00:00', '2012-11-07 10:00:00', '2012-11-13 10:00:00', NULL),
(61, 56, '2017-01-18 11:00:00', '2017-02-01 11:00:00', '2017-02-07 11:00:00', NULL),
(62, 58, '2011-03-09 01:00:00', '2011-03-12 01:00:00', '2011-03-17 01:00:00', NULL),
(63, 59, '2013-10-22 16:00:00', '2013-10-28 16:00:00', '2013-11-04 16:00:00', NULL),
(64, 59, '2017-02-07 20:00:00', '2017-03-05 20:00:00', '2017-03-12 20:00:00', '2017-02-08 20:00:00'),
(65, 60, '2018-12-26 21:00:00', '2019-01-21 21:00:00', '2019-01-26 21:00:00', NULL),
(66, 61, '2015-08-28 01:00:00', '2015-09-21 01:00:00', '2015-09-27 01:00:00', NULL),
(67, 61, '2014-10-25 07:00:00', '2014-11-10 07:00:00', '2014-11-12 07:00:00', NULL),
(68, 62, '2014-01-26 03:00:00', '2014-02-13 03:00:00', '2014-02-14 03:00:00', NULL),
(69, 63, '2012-08-25 18:00:00', '2012-09-08 18:00:00', '2012-09-12 18:00:00', '2012-08-26 18:00:00'),
(70, 66, '2011-10-31 23:00:00', '2011-11-09 23:00:00', '2011-11-15 23:00:00', NULL),
(71, 66, '2016-02-19 05:00:00', '2016-02-26 05:00:00', '2016-03-02 05:00:00', NULL),
(72, 67, '2010-08-04 13:00:00', '2010-08-12 13:00:00', '2010-08-19 13:00:00', NULL),
(73, 68, '2010-06-20 11:00:00', '2010-07-05 11:00:00', '2010-07-11 11:00:00', NULL),
(74, 68, '2011-12-22 21:00:00', '2012-01-01 21:00:00', '2012-01-08 21:00:00', NULL),
(75, 69, '2012-09-26 20:00:00', '2012-10-20 20:00:00', '2012-10-21 20:00:00', NULL),
(76, 69, '2017-12-15 04:00:00', '2017-12-30 04:00:00', '2018-01-03 04:00:00', NULL),
(77, 72, '2010-08-03 18:00:00', '2010-08-25 18:00:00', '2010-08-29 18:00:00', NULL),
(78, 72, '2014-07-24 12:00:00', '2014-08-21 12:00:00', '2014-08-25 12:00:00', NULL),
(79, 78, '2014-11-14 21:00:00', '2014-12-06 21:00:00', '2014-12-08 21:00:00', NULL),
(80, 79, '2013-05-04 07:00:00', '2013-05-28 07:00:00', '2013-06-01 07:00:00', NULL),
(81, 79, '2012-09-27 03:00:00', '2012-10-01 03:00:00', '2012-10-08 03:00:00', NULL),
(82, 81, '2018-02-01 02:00:00', '2018-03-01 02:00:00', '2018-03-04 02:00:00', NULL),
(83, 82, '2016-12-15 06:00:00', '2016-12-29 06:00:00', '2017-01-03 06:00:00', NULL),
(84, 83, '2017-06-16 21:00:00', '2017-07-04 21:00:00', '2017-07-05 21:00:00', NULL),
(85, 83, '2017-11-01 07:00:00', '2017-11-19 07:00:00', '2017-11-20 07:00:00', NULL),
(86, 84, '2018-03-13 19:00:00', '2018-04-07 19:00:00', '2018-04-13 19:00:00', NULL),
(87, 85, '2013-07-01 14:00:00', '2013-07-27 14:00:00', '2013-08-01 14:00:00', '2013-07-03 14:00:00'),
(88, 86, '2010-06-13 19:00:00', '2010-07-02 19:00:00', '2010-07-05 19:00:00', NULL),
(89, 86, '2015-07-15 22:00:00', '2015-07-19 22:00:00', '2015-07-26 22:00:00', NULL),
(90, 87, '2012-03-10 04:00:00', '2012-03-23 04:00:00', '2012-03-30 04:00:00', NULL),
(91, 87, '2011-08-13 06:00:00', '2011-08-17 06:00:00', '2011-08-22 06:00:00', NULL),
(92, 90, '2012-01-22 05:00:00', '2012-01-26 05:00:00', '2012-01-31 05:00:00', NULL),
(93, 91, '2015-02-01 01:00:00', '2015-02-03 01:00:00', '2015-02-09 01:00:00', '2015-02-02 01:00:00'),
(94, 92, '2015-04-28 16:00:00', '2015-05-06 16:00:00', '2015-05-13 16:00:00', '2015-04-29 16:00:00'),
(95, 93, '2013-05-08 10:00:00', '2013-05-14 10:00:00', '2013-05-15 10:00:00', NULL),
(96, 94, '2012-01-07 03:00:00', '2012-01-21 03:00:00', '2012-01-22 03:00:00', '2012-01-10 03:00:00'),
(97, 99, '2017-05-29 07:00:00', '2017-06-19 07:00:00', '2017-06-20 07:00:00', NULL),
(98, 99, '2016-03-25 10:00:00', '2016-04-04 10:00:00', '2016-04-07 10:00:00', NULL),
(99, 101, '2017-08-08 00:00:00', '2017-08-28 00:00:00', '2017-09-02 00:00:00', NULL),
(100, 102, '2012-08-17 15:00:00', '2012-09-03 15:00:00', '2012-09-05 15:00:00', NULL),
(101, 102, '2017-11-25 11:00:00', '2017-11-29 11:00:00', '2017-12-01 11:00:00', NULL),
(102, 103, '2011-11-22 11:00:00', '2011-12-04 11:00:00', '2011-12-11 11:00:00', NULL),
(103, 106, '2011-01-07 21:00:00', '2011-01-09 21:00:00', '2011-01-11 21:00:00', NULL),
(104, 106, '2018-07-30 05:00:00', '2018-08-26 05:00:00', '2018-08-27 05:00:00', NULL),
(105, 108, '2018-11-09 22:00:00', '2018-12-07 22:00:00', '2018-12-11 22:00:00', NULL),
(106, 108, '2013-11-25 09:00:00', '2013-12-01 09:00:00', '2013-12-08 09:00:00', NULL),
(107, 110, '2016-10-24 01:00:00', '2016-11-13 01:00:00', '2016-11-16 01:00:00', NULL),
(108, 110, '2015-07-04 15:00:00', '2015-07-31 15:00:00', '2015-08-03 15:00:00', NULL),
(109, 113, '2012-07-01 16:00:00', '2012-07-20 16:00:00', '2012-07-22 16:00:00', '2012-07-03 16:00:00'),
(110, 114, '2013-03-27 02:00:00', '2013-03-28 02:00:00', '2013-03-30 02:00:00', NULL),
(111, 115, '2013-08-24 14:00:00', '2013-09-15 14:00:00', '2013-09-19 14:00:00', NULL),
(112, 116, '2011-07-31 05:00:00', '2011-08-28 05:00:00', '2011-08-29 05:00:00', NULL),
(113, 116, '2017-11-26 02:00:00', '2017-12-26 02:00:00', '2018-01-02 02:00:00', NULL),
(114, 117, '2014-05-04 02:00:00', '2014-05-19 02:00:00', '2014-05-25 02:00:00', NULL),
(115, 118, '2013-12-25 02:00:00', '2014-01-08 02:00:00', '2014-01-13 02:00:00', NULL),
(116, 120, '2013-09-26 03:00:00', '2013-10-12 03:00:00', '2013-10-18 03:00:00', NULL),
(117, 120, '2011-11-03 13:00:00', '2011-11-11 13:00:00', '2011-11-14 13:00:00', NULL),
(118, 121, '2018-07-19 20:00:00', '2018-08-12 20:00:00', '2018-08-13 20:00:00', NULL),
(119, 121, '2015-01-17 15:00:00', '2015-01-27 15:00:00', '2015-02-01 15:00:00', NULL),
(120, 122, '2010-08-06 10:00:00', '2010-08-08 10:00:00', '2010-08-11 10:00:00', NULL),
(121, 122, '2010-10-05 17:00:00', '2010-11-02 17:00:00', '2010-11-03 17:00:00', NULL),
(122, 124, '2011-03-27 22:00:00', '2011-04-11 22:00:00', '2011-04-17 22:00:00', '2011-03-30 22:00:00'),
(123, 126, '2010-08-26 20:00:00', '2010-09-07 20:00:00', '2010-09-09 20:00:00', NULL),
(124, 127, '2018-08-10 07:00:00', '2018-08-22 07:00:00', '2018-08-29 07:00:00', NULL),
(125, 128, '2011-07-24 18:00:00', '2011-08-08 18:00:00', '2011-08-09 18:00:00', NULL),
(126, 129, '2014-08-28 19:00:00', '2014-09-02 19:00:00', '2014-09-09 19:00:00', NULL),
(127, 130, '2017-11-07 20:00:00', '2017-12-05 20:00:00', '2017-12-12 20:00:00', NULL),
(128, 130, '2010-04-15 16:00:00', '2010-04-20 16:00:00', '2010-04-23 16:00:00', NULL),
(129, 132, '2010-03-05 14:00:00', '2010-03-22 14:00:00', '2010-03-26 14:00:00', '2010-03-06 14:00:00'),
(130, 132, '2015-09-05 18:00:00', '2015-09-27 18:00:00', '2015-09-30 18:00:00', NULL),
(131, 133, '2015-07-20 06:00:00', '2015-08-15 06:00:00', '2015-08-19 06:00:00', NULL),
(132, 134, '2013-04-12 20:00:00', '2013-04-18 20:00:00', '2013-04-19 20:00:00', NULL),
(133, 134, '2011-12-18 17:00:00', '2012-01-07 17:00:00', '2012-01-13 17:00:00', NULL),
(134, 135, '2013-09-04 05:00:00', '2013-10-04 05:00:00', '2013-10-09 05:00:00', NULL),
(135, 135, '2012-03-08 05:00:00', '2012-03-22 05:00:00', '2012-03-23 05:00:00', NULL),
(136, 137, '2014-08-28 16:00:00', '2014-09-11 16:00:00', '2014-09-16 16:00:00', NULL),
(137, 137, '2015-07-17 08:00:00', '2015-08-03 08:00:00', '2015-08-08 08:00:00', NULL),
(138, 138, '2013-06-06 02:00:00', '2013-06-13 02:00:00', '2013-06-16 02:00:00', NULL),
(139, 138, '2018-06-30 20:00:00', '2018-07-03 20:00:00', '2018-07-07 20:00:00', NULL),
(140, 142, '2015-07-31 11:00:00', '2015-08-16 11:00:00', '2015-08-20 11:00:00', NULL),
(141, 142, '2016-01-08 20:00:00', '2016-01-15 20:00:00', '2016-01-19 20:00:00', NULL),
(142, 144, '2010-09-12 22:00:00', '2010-09-18 22:00:00', '2010-09-19 22:00:00', NULL),
(143, 146, '2013-12-22 22:00:00', '2014-01-02 22:00:00', '2014-01-07 22:00:00', NULL),
(144, 146, '2012-03-18 08:00:00', '2012-04-16 08:00:00', '2012-04-17 08:00:00', '2012-03-21 08:00:00'),
(145, 147, '2014-05-03 11:00:00', '2014-05-22 11:00:00', '2014-05-28 11:00:00', NULL),
(146, 149, '2011-11-08 05:00:00', '2011-12-04 05:00:00', '2011-12-08 05:00:00', NULL),
(147, 149, '2012-04-01 06:00:00', '2012-04-06 06:00:00', '2012-04-09 06:00:00', '2012-04-04 06:00:00'),
(148, 150, '2010-06-17 08:00:00', '2010-07-17 08:00:00', '2010-07-22 08:00:00', NULL),
(149, 153, '2017-10-13 17:00:00', '2017-10-18 17:00:00', '2017-10-22 17:00:00', '2017-10-15 17:00:00'),
(150, 153, '2018-05-26 01:00:00', '2018-05-27 01:00:00', '2018-05-31 01:00:00', NULL),
(151, 154, '2010-01-07 08:00:00', '2010-01-22 08:00:00', '2010-01-27 08:00:00', NULL),
(152, 155, '2016-07-07 09:00:00', '2016-07-27 09:00:00', '2016-07-29 09:00:00', NULL),
(153, 155, '2010-09-10 00:00:00', '2010-10-02 00:00:00', '2010-10-06 00:00:00', NULL),
(154, 156, '2012-06-04 13:00:00', '2012-07-02 13:00:00', '2012-07-05 13:00:00', NULL),
(155, 156, '2016-12-29 17:00:00', '2017-01-16 17:00:00', '2017-01-23 17:00:00', NULL),
(156, 157, '2016-08-10 13:00:00', '2016-08-22 13:00:00', '2016-08-25 13:00:00', NULL),
(157, 158, '2016-08-27 18:00:00', '2016-09-13 18:00:00', '2016-09-19 18:00:00', NULL),
(158, 158, '2011-07-28 08:00:00', '2011-08-05 08:00:00', '2011-08-06 08:00:00', NULL),
(159, 159, '2012-10-08 19:00:00', '2012-10-20 19:00:00', '2012-10-21 19:00:00', NULL),
(160, 160, '2015-11-12 05:00:00', '2015-11-22 05:00:00', '2015-11-29 05:00:00', NULL),
(161, 160, '2016-08-18 13:00:00', '2016-09-01 13:00:00', '2016-09-06 13:00:00', NULL),
(162, 161, '2010-08-16 16:00:00', '2010-09-08 16:00:00', '2010-09-13 16:00:00', NULL),
(163, 162, '2011-12-23 07:00:00', '2012-01-13 07:00:00', '2012-01-16 07:00:00', NULL),
(164, 162, '2012-01-26 11:00:00', '2012-02-17 11:00:00', '2012-02-21 11:00:00', NULL),
(165, 165, '2015-11-04 18:00:00', '2015-11-22 18:00:00', '2015-11-26 18:00:00', NULL),
(166, 166, '2015-07-26 21:00:00', '2015-08-17 21:00:00', '2015-08-23 21:00:00', NULL),
(167, 167, '2010-01-02 03:00:00', '2010-01-31 03:00:00', '2010-02-07 03:00:00', NULL),
(168, 167, '2017-11-04 02:00:00', '2017-11-10 02:00:00', '2017-11-11 02:00:00', NULL),
(169, 168, '2016-11-04 10:00:00', '2016-11-06 10:00:00', '2016-11-08 10:00:00', '2016-11-07 10:00:00'),
(170, 168, '2017-11-25 22:00:00', '2017-12-04 22:00:00', '2017-12-10 22:00:00', NULL),
(171, 169, '2011-11-22 07:00:00', '2011-12-11 07:00:00', '2011-12-13 07:00:00', NULL),
(172, 170, '2011-05-13 08:00:00', '2011-06-07 08:00:00', '2011-06-11 08:00:00', NULL),
(173, 172, '2018-02-16 00:00:00', '2018-03-02 00:00:00', '2018-03-09 00:00:00', NULL),
(174, 173, '2010-02-15 20:00:00', '2010-03-12 20:00:00', '2010-03-13 20:00:00', NULL),
(175, 175, '2015-07-06 23:00:00', '2015-07-25 23:00:00', '2015-07-30 23:00:00', NULL),
(176, 175, '2017-01-12 19:00:00', '2017-01-26 19:00:00', '2017-02-01 19:00:00', NULL),
(177, 176, '2012-05-08 12:00:00', '2012-06-03 12:00:00', '2012-06-07 12:00:00', NULL),
(178, 178, '2012-07-20 18:00:00', '2012-08-01 18:00:00', '2012-08-03 18:00:00', NULL),
(179, 179, '2016-01-16 07:00:00', '2016-01-23 07:00:00', '2016-01-26 07:00:00', '2016-01-17 07:00:00'),
(180, 179, '2014-07-04 23:00:00', '2014-07-13 23:00:00', '2014-07-19 23:00:00', NULL),
(181, 181, '2017-06-16 02:00:00', '2017-06-19 02:00:00', '2017-06-23 02:00:00', NULL),
(182, 181, '2011-06-14 17:00:00', '2011-06-23 17:00:00', '2011-06-28 17:00:00', NULL),
(183, 182, '2011-10-09 16:00:00', '2011-10-16 16:00:00', '2011-10-18 16:00:00', NULL),
(184, 183, '2012-07-31 07:00:00', '2012-08-10 07:00:00', '2012-08-11 07:00:00', NULL),
(185, 183, '2013-07-23 04:00:00', '2013-07-29 04:00:00', '2013-08-04 04:00:00', NULL),
(186, 184, '2014-10-08 01:00:00', '2014-10-14 01:00:00', '2014-10-16 01:00:00', NULL),
(187, 185, '2013-09-10 18:00:00', '2013-09-22 18:00:00', '2013-09-27 18:00:00', NULL),
(188, 185, '2011-06-17 09:00:00', '2011-06-19 09:00:00', '2011-06-24 09:00:00', NULL),
(189, 186, '2010-06-02 09:00:00', '2010-06-15 09:00:00', '2010-06-20 09:00:00', NULL),
(190, 188, '2010-12-21 00:00:00', '2011-01-06 00:00:00', '2011-01-09 00:00:00', '2010-12-23 00:00:00'),
(191, 189, '2011-04-15 00:00:00', '2011-05-09 00:00:00', '2011-05-11 00:00:00', NULL),
(192, 189, '2014-09-06 12:00:00', '2014-09-28 12:00:00', '2014-10-01 12:00:00', NULL),
(193, 190, '2011-09-30 23:00:00', '2011-10-09 23:00:00', '2011-10-11 23:00:00', NULL),
(194, 192, '2012-02-17 19:00:00', '2012-03-10 19:00:00', '2012-03-14 19:00:00', NULL),
(195, 193, '2013-03-14 13:00:00', '2013-04-05 13:00:00', '2013-04-09 13:00:00', NULL),
(196, 193, '2010-01-02 01:00:00', '2010-01-24 01:00:00', '2010-01-26 01:00:00', NULL),
(197, 194, '2013-03-27 23:00:00', '2013-04-07 23:00:00', '2013-04-12 23:00:00', NULL),
(198, 195, '2013-01-01 11:00:00', '2013-01-27 11:00:00', '2013-01-29 11:00:00', NULL),
(199, 195, '2012-10-07 23:00:00', '2012-10-19 23:00:00', '2012-10-24 23:00:00', NULL),
(200, 196, '2015-09-09 19:00:00', '2015-10-07 19:00:00', '2015-10-11 19:00:00', NULL),
(201, 196, '2010-06-18 18:00:00', '2010-06-30 18:00:00', '2010-07-03 18:00:00', NULL),
(202, 198, '2013-02-03 02:00:00', '2013-03-02 02:00:00', '2013-03-03 02:00:00', NULL),
(203, 199, '2014-08-16 19:00:00', '2014-08-23 19:00:00', '2014-08-27 19:00:00', NULL),
(204, 201, '2016-01-19 19:00:00', '2016-02-05 19:00:00', '2016-02-07 19:00:00', NULL),
(205, 202, '2015-03-21 04:00:00', '2015-04-01 04:00:00', '2015-04-07 04:00:00', NULL),
(206, 202, '2015-03-16 00:00:00', '2015-03-28 00:00:00', '2015-03-29 00:00:00', NULL),
(207, 203, '2018-03-04 09:00:00', '2018-03-05 09:00:00', '2018-03-11 09:00:00', NULL),
(208, 205, '2014-01-15 07:00:00', '2014-01-31 07:00:00', '2014-02-06 07:00:00', NULL),
(209, 206, '2012-09-17 23:00:00', '2012-09-27 23:00:00', '2012-10-01 23:00:00', NULL),
(210, 206, '2010-05-01 22:00:00', '2010-05-05 22:00:00', '2010-05-07 22:00:00', NULL),
(211, 209, '2018-11-14 06:00:00', '2018-11-26 06:00:00', '2018-11-27 06:00:00', NULL),
(212, 209, '2016-10-18 00:00:00', '2016-10-22 00:00:00', '2016-10-28 00:00:00', NULL),
(213, 211, '2011-12-17 23:00:00', '2011-12-27 23:00:00', '2011-12-31 23:00:00', NULL),
(214, 212, '2017-09-14 12:00:00', '2017-09-20 12:00:00', '2017-09-21 12:00:00', NULL),
(215, 213, '2016-09-22 10:00:00', '2016-09-29 10:00:00', '2016-10-02 10:00:00', '2016-09-24 10:00:00'),
(216, 215, '2013-08-09 18:00:00', '2013-08-13 18:00:00', '2013-08-14 18:00:00', NULL),
(217, 216, '2018-05-28 21:00:00', '2018-06-14 21:00:00', '2018-06-17 21:00:00', NULL),
(218, 216, '2011-02-22 17:00:00', '2011-03-15 17:00:00', '2011-03-20 17:00:00', NULL),
(219, 219, '2018-05-03 04:00:00', '2018-05-26 04:00:00', '2018-06-01 04:00:00', NULL),
(220, 219, '2017-11-23 17:00:00', '2017-12-20 17:00:00', '2017-12-27 17:00:00', NULL),
(221, 220, '2018-04-01 03:00:00', '2018-04-25 03:00:00', '2018-04-27 03:00:00', NULL),
(222, 222, '2014-02-01 14:00:00', '2014-03-02 14:00:00', '2014-03-03 14:00:00', NULL),
(223, 224, '2010-12-30 02:00:00', '2011-01-15 02:00:00', '2011-01-20 02:00:00', NULL),
(224, 224, '2017-09-23 16:00:00', '2017-09-30 16:00:00', '2017-10-02 16:00:00', NULL),
(225, 225, '2016-02-12 07:00:00', '2016-03-11 07:00:00', '2016-03-14 07:00:00', NULL),
(226, 225, '2014-12-18 17:00:00', '2014-12-19 17:00:00', '2014-12-26 17:00:00', NULL),
(227, 227, '2017-10-13 01:00:00', '2017-11-02 01:00:00', '2017-11-05 01:00:00', NULL),
(228, 227, '2012-03-21 12:00:00', '2012-04-05 12:00:00', '2012-04-10 12:00:00', NULL),
(229, 228, '2013-07-18 17:00:00', '2013-07-19 17:00:00', '2013-07-25 17:00:00', NULL),
(230, 229, '2012-09-12 11:00:00', '2012-09-15 11:00:00', '2012-09-16 11:00:00', NULL),
(231, 229, '2014-03-09 17:00:00', '2014-04-07 17:00:00', '2014-04-11 17:00:00', NULL),
(232, 230, '2014-02-14 14:00:00', '2014-02-20 14:00:00', '2014-02-24 14:00:00', NULL),
(233, 230, '2017-08-09 04:00:00', '2017-08-12 04:00:00', '2017-08-17 04:00:00', NULL),
(234, 231, '2013-01-09 13:00:00', '2013-01-13 13:00:00', '2013-01-19 13:00:00', NULL),
(235, 234, '2016-08-05 08:00:00', '2016-08-25 08:00:00', '2016-08-26 08:00:00', '2016-08-06 08:00:00'),
(236, 234, '2014-06-11 19:00:00', '2014-06-24 19:00:00', '2014-06-25 19:00:00', NULL),
(237, 235, '2017-04-01 04:00:00', '2017-04-05 04:00:00', '2017-04-10 04:00:00', NULL),
(238, 236, '2011-08-24 05:00:00', '2011-09-04 05:00:00', '2011-09-08 05:00:00', NULL),
(239, 236, '2010-10-30 16:00:00', '2010-11-21 16:00:00', '2010-11-22 16:00:00', NULL),
(240, 237, '2016-10-17 02:00:00', '2016-11-04 02:00:00', '2016-11-11 02:00:00', NULL),
(241, 238, '2017-09-29 01:00:00', '2017-10-22 01:00:00', '2017-10-28 01:00:00', NULL),
(242, 239, '2012-01-20 17:00:00', '2012-01-23 17:00:00', '2012-01-29 17:00:00', NULL),
(243, 239, '2010-11-09 01:00:00', '2010-11-13 01:00:00', '2010-11-15 01:00:00', NULL),
(244, 240, '2011-01-30 23:00:00', '2011-02-12 23:00:00', '2011-02-13 23:00:00', NULL),
(245, 241, '2018-01-12 10:00:00', '2018-01-17 10:00:00', '2018-01-20 10:00:00', NULL),
(246, 241, '2012-03-18 12:00:00', '2012-04-10 12:00:00', '2012-04-14 12:00:00', NULL),
(247, 242, '2018-12-20 13:00:00', '2018-12-27 13:00:00', '2019-01-03 13:00:00', NULL),
(248, 243, '2017-10-08 07:00:00', '2017-11-04 07:00:00', '2017-11-06 07:00:00', NULL),
(249, 244, '2018-08-08 05:00:00', '2018-08-18 05:00:00', '2018-08-22 05:00:00', NULL),
(250, 245, '2012-10-25 02:00:00', '2012-10-30 02:00:00', '2012-11-05 02:00:00', NULL),
(251, 246, '2017-05-08 15:00:00', '2017-06-06 15:00:00', '2017-06-13 15:00:00', NULL),
(252, 247, '2010-06-12 22:00:00', '2010-07-06 22:00:00', '2010-07-10 22:00:00', NULL),
(253, 247, '2010-12-24 00:00:00', '2010-12-27 00:00:00', '2011-01-01 00:00:00', NULL),
(254, 248, '2017-10-05 02:00:00', '2017-10-13 02:00:00', '2017-10-16 02:00:00', NULL),
(255, 248, '2016-07-01 02:00:00', '2016-07-30 02:00:00', '2016-08-05 02:00:00', NULL),
(256, 250, '2017-04-28 23:00:00', '2017-05-12 23:00:00', '2017-05-18 23:00:00', NULL),
(257, 250, '2010-01-27 12:00:00', '2010-02-04 12:00:00', '2010-02-11 12:00:00', NULL),
(258, 253, '2014-06-26 19:00:00', '2014-07-10 19:00:00', '2014-07-11 19:00:00', NULL),
(259, 254, '2017-11-25 20:00:00', '2017-11-29 20:00:00', '2017-11-30 20:00:00', NULL),
(260, 255, '2013-06-21 06:00:00', '2013-07-10 06:00:00', '2013-07-16 06:00:00', NULL),
(261, 256, '2010-12-20 04:00:00', '2010-12-29 04:00:00', '2010-12-30 04:00:00', NULL),
(262, 258, '2018-03-14 03:00:00', '2018-04-03 03:00:00', '2018-04-04 03:00:00', NULL),
(263, 260, '2017-08-11 09:00:00', '2017-08-30 09:00:00', '2017-09-02 09:00:00', NULL),
(264, 260, '2011-09-27 10:00:00', '2011-10-27 10:00:00', '2011-10-30 10:00:00', NULL),
(265, 261, '2015-12-03 15:00:00', '2015-12-20 15:00:00', '2015-12-25 15:00:00', NULL),
(266, 263, '2013-11-24 14:00:00', '2013-12-07 14:00:00', '2013-12-14 14:00:00', '2013-11-26 14:00:00'),
(267, 264, '2018-03-03 05:00:00', '2018-03-22 05:00:00', '2018-03-24 05:00:00', NULL),
(268, 265, '2018-07-13 12:00:00', '2018-07-22 12:00:00', '2018-07-24 12:00:00', NULL),
(269, 265, '2016-07-08 23:00:00', '2016-07-13 23:00:00', '2016-07-17 23:00:00', NULL),
(270, 266, '2012-08-19 11:00:00', '2012-09-01 11:00:00', '2012-09-04 11:00:00', NULL),
(271, 266, '2017-08-14 21:00:00', '2017-08-26 21:00:00', '2017-08-31 21:00:00', NULL),
(272, 267, '2010-10-22 14:00:00', '2010-11-02 14:00:00', '2010-11-05 14:00:00', NULL),
(273, 268, '2011-04-17 04:00:00', '2011-05-01 04:00:00', '2011-05-04 04:00:00', '2011-04-20 04:00:00'),
(274, 268, '2016-03-23 18:00:00', '2016-04-20 18:00:00', '2016-04-27 18:00:00', '2016-03-24 18:00:00'),
(275, 269, '2018-12-03 10:00:00', '2018-12-13 10:00:00', '2018-12-20 10:00:00', NULL),
(276, 272, '2011-04-30 11:00:00', '2011-05-01 11:00:00', '2011-05-07 11:00:00', NULL),
(277, 272, '2015-08-05 14:00:00', '2015-09-03 14:00:00', '2015-09-07 14:00:00', NULL),
(278, 274, '2016-08-08 20:00:00', '2016-08-31 20:00:00', '2016-09-03 20:00:00', NULL),
(279, 274, '2011-07-26 08:00:00', '2011-08-15 08:00:00', '2011-08-18 08:00:00', '2011-07-27 08:00:00'),
(280, 275, '2016-09-11 09:00:00', '2016-09-23 09:00:00', '2016-09-29 09:00:00', NULL),
(281, 276, '2015-01-27 05:00:00', '2015-02-02 05:00:00', '2015-02-03 05:00:00', NULL),
(282, 279, '2013-12-18 11:00:00', '2013-12-30 11:00:00', '2014-01-06 11:00:00', '2013-12-19 11:00:00'),
(283, 279, '2010-09-17 18:00:00', '2010-09-26 18:00:00', '2010-09-30 18:00:00', NULL),
(284, 281, '2012-06-29 16:00:00', '2012-07-25 16:00:00', '2012-07-30 16:00:00', NULL),
(285, 282, '2013-08-21 04:00:00', '2013-09-10 04:00:00', '2013-09-16 04:00:00', '2013-08-23 04:00:00'),
(286, 282, '2017-01-27 03:00:00', '2017-02-17 03:00:00', '2017-02-23 03:00:00', NULL),
(287, 283, '2015-08-02 15:00:00', '2015-08-19 15:00:00', '2015-08-24 15:00:00', NULL),
(288, 283, '2018-01-27 12:00:00', '2018-02-12 12:00:00', '2018-02-15 12:00:00', NULL),
(289, 284, '2018-05-15 23:00:00', '2018-06-07 23:00:00', '2018-06-09 23:00:00', NULL),
(290, 285, '2017-08-13 08:00:00', '2017-08-28 08:00:00', '2017-09-04 08:00:00', NULL),
(291, 285, '2011-01-17 12:00:00', '2011-02-01 12:00:00', '2011-02-04 12:00:00', '2011-01-18 12:00:00'),
(292, 286, '2013-04-23 03:00:00', '2013-04-25 03:00:00', '2013-05-01 03:00:00', NULL),
(293, 286, '2016-02-02 01:00:00', '2016-02-15 01:00:00', '2016-02-22 01:00:00', NULL),
(294, 287, '2011-06-26 22:00:00', '2011-07-15 22:00:00', '2011-07-22 22:00:00', NULL),
(295, 287, '2012-06-03 08:00:00', '2012-06-08 08:00:00', '2012-06-09 08:00:00', NULL),
(296, 288, '2015-05-14 19:00:00', '2015-06-11 19:00:00', '2015-06-18 19:00:00', NULL),
(297, 289, '2016-09-20 21:00:00', '2016-10-17 21:00:00', '2016-10-22 21:00:00', NULL),
(298, 290, '2016-08-02 18:00:00', '2016-08-08 18:00:00', '2016-08-12 18:00:00', NULL),
(299, 290, '2011-08-19 11:00:00', '2011-08-21 11:00:00', '2011-08-27 11:00:00', NULL),
(300, 292, '2018-10-20 14:00:00', '2018-11-09 14:00:00', '2018-11-14 14:00:00', NULL),
(301, 292, '2011-12-23 23:00:00', '2011-12-27 23:00:00', '2011-12-29 23:00:00', NULL),
(302, 293, '2017-02-01 10:00:00', '2017-02-02 10:00:00', '2017-02-09 10:00:00', NULL),
(303, 294, '2010-03-01 05:00:00', '2010-03-02 05:00:00', '2010-03-07 05:00:00', '2010-03-04 05:00:00'),
(304, 294, '2015-03-10 14:00:00', '2015-03-19 14:00:00', '2015-03-23 14:00:00', NULL),
(305, 295, '2017-04-04 06:00:00', '2017-04-26 06:00:00', '2017-04-28 06:00:00', NULL),
(306, 295, '2012-06-10 13:00:00', '2012-06-25 13:00:00', '2012-06-28 13:00:00', NULL),
(307, 297, '2014-05-16 02:00:00', '2014-05-27 02:00:00', '2014-06-02 02:00:00', NULL),
(308, 297, '2018-11-26 03:00:00', '2018-11-27 03:00:00', '2018-11-28 03:00:00', NULL),
(309, 298, '2017-12-21 18:00:00', '2018-01-16 18:00:00', '2018-01-21 18:00:00', NULL),
(310, 299, '2010-02-04 00:00:00', '2010-02-25 00:00:00', '2010-03-02 00:00:00', NULL),
(311, 300, '2016-09-19 18:00:00', '2016-09-25 18:00:00', '2016-10-01 18:00:00', NULL),
(312, 301, '2017-09-29 00:00:00', '2017-10-12 00:00:00', '2017-10-13 00:00:00', NULL),
(313, 301, '2013-09-19 06:00:00', '2013-10-02 06:00:00', '2013-10-06 06:00:00', NULL),
(314, 305, '2015-06-03 16:00:00', '2015-06-04 16:00:00', '2015-06-05 16:00:00', NULL),
(315, 305, '2013-05-17 13:00:00', '2013-06-06 13:00:00', '2013-06-11 13:00:00', NULL),
(316, 306, '2011-03-22 12:00:00', '2011-04-19 12:00:00', '2011-04-24 12:00:00', NULL),
(317, 307, '2015-07-19 21:00:00', '2015-08-04 21:00:00', '2015-08-09 21:00:00', NULL),
(318, 307, '2014-07-06 14:00:00', '2014-07-14 14:00:00', '2014-07-19 14:00:00', NULL),
(319, 311, '2017-05-01 02:00:00', '2017-05-16 02:00:00', '2017-05-21 02:00:00', NULL),
(320, 311, '2014-02-16 00:00:00', '2014-03-15 00:00:00', '2014-03-18 00:00:00', NULL),
(321, 313, '2015-08-03 20:00:00', '2015-08-29 20:00:00', '2015-08-30 20:00:00', NULL),
(322, 314, '2014-12-17 18:00:00', '2014-12-30 18:00:00', '2015-01-04 18:00:00', '2014-12-18 18:00:00'),
(323, 316, '2017-04-29 19:00:00', '2017-05-03 19:00:00', '2017-05-06 19:00:00', NULL),
(324, 316, '2015-12-13 05:00:00', '2015-12-31 05:00:00', '2016-01-06 05:00:00', NULL),
(325, 318, '2015-05-30 12:00:00', '2015-06-17 12:00:00', '2015-06-22 12:00:00', NULL),
(326, 319, '2017-10-23 00:00:00', '2017-10-25 00:00:00', '2017-10-31 00:00:00', NULL),
(327, 319, '2018-09-14 08:00:00', '2018-10-02 08:00:00', '2018-10-09 08:00:00', NULL),
(328, 321, '2014-03-17 12:00:00', '2014-03-22 12:00:00', '2014-03-29 12:00:00', NULL),
(329, 322, '2012-03-20 05:00:00', '2012-03-26 05:00:00', '2012-03-29 05:00:00', NULL),
(330, 323, '2018-06-22 10:00:00', '2018-07-13 10:00:00', '2018-07-18 10:00:00', NULL),
(331, 324, '2017-11-24 16:00:00', '2017-12-13 16:00:00', '2017-12-14 16:00:00', NULL),
(332, 325, '2017-08-02 21:00:00', '2017-08-08 21:00:00', '2017-08-15 21:00:00', '2017-08-05 21:00:00'),
(333, 327, '2017-09-15 01:00:00', '2017-09-16 01:00:00', '2017-09-21 01:00:00', NULL),
(334, 328, '2014-05-21 23:00:00', '2014-05-29 23:00:00', '2014-05-30 23:00:00', NULL),
(335, 328, '2011-10-29 03:00:00', '2011-11-11 03:00:00', '2011-11-14 03:00:00', NULL),
(336, 329, '2014-05-10 10:00:00', '2014-05-27 10:00:00', '2014-05-28 10:00:00', NULL),
(337, 330, '2014-02-16 21:00:00', '2014-02-27 21:00:00', '2014-03-02 21:00:00', NULL),
(338, 330, '2011-10-15 22:00:00', '2011-11-14 22:00:00', '2011-11-15 22:00:00', NULL),
(339, 332, '2010-10-19 07:00:00', '2010-10-24 07:00:00', '2010-10-27 07:00:00', NULL),
(340, 334, '2012-03-30 09:00:00', '2012-04-15 09:00:00', '2012-04-22 09:00:00', NULL),
(341, 334, '2012-02-22 23:00:00', '2012-03-05 23:00:00', '2012-03-10 23:00:00', '2012-02-25 23:00:00'),
(342, 336, '2010-07-11 09:00:00', '2010-08-05 09:00:00', '2010-08-12 09:00:00', NULL),
(343, 336, '2018-01-25 07:00:00', '2018-02-05 07:00:00', '2018-02-07 07:00:00', NULL),
(344, 337, '2011-02-26 12:00:00', '2011-03-23 12:00:00', '2011-03-29 12:00:00', NULL),
(345, 337, '2010-04-24 16:00:00', '2010-05-07 16:00:00', '2010-05-08 16:00:00', NULL),
(346, 338, '2012-12-02 01:00:00', '2012-12-25 01:00:00', '2012-12-30 01:00:00', NULL),
(347, 338, '2010-06-17 05:00:00', '2010-06-22 05:00:00', '2010-06-29 05:00:00', NULL),
(348, 340, '2012-08-16 07:00:00', '2012-08-23 07:00:00', '2012-08-26 07:00:00', NULL),
(349, 341, '2014-11-10 17:00:00', '2014-11-16 17:00:00', '2014-11-23 17:00:00', '2014-11-11 17:00:00'),
(350, 342, '2015-05-10 11:00:00', '2015-05-23 11:00:00', '2015-05-28 11:00:00', NULL),
(351, 342, '2015-01-22 02:00:00', '2015-01-25 02:00:00', '2015-01-27 02:00:00', NULL),
(352, 344, '2017-04-27 06:00:00', '2017-05-21 06:00:00', '2017-05-25 06:00:00', NULL),
(353, 344, '2014-09-29 19:00:00', '2014-10-05 19:00:00', '2014-10-12 19:00:00', NULL),
(354, 345, '2010-05-18 06:00:00', '2010-06-04 06:00:00', '2010-06-07 06:00:00', NULL),
(355, 348, '2011-08-15 05:00:00', '2011-09-08 05:00:00', '2011-09-10 05:00:00', '2011-08-17 05:00:00'),
(356, 349, '2016-12-06 21:00:00', '2016-12-08 21:00:00', '2016-12-12 21:00:00', NULL),
(357, 349, '2011-06-25 09:00:00', '2011-06-27 09:00:00', '2011-07-04 09:00:00', NULL),
(358, 350, '2011-05-30 00:00:00', '2011-06-22 00:00:00', '2011-06-23 00:00:00', NULL),
(359, 350, '2013-06-01 16:00:00', '2013-06-13 16:00:00', '2013-06-14 16:00:00', NULL),
(360, 351, '2015-01-07 14:00:00', '2015-01-08 14:00:00', '2015-01-11 14:00:00', NULL),
(361, 352, '2011-11-29 08:00:00', '2011-12-12 08:00:00', '2011-12-13 08:00:00', NULL),
(362, 352, '2014-05-27 00:00:00', '2014-06-19 00:00:00', '2014-06-24 00:00:00', NULL),
(363, 353, '2010-05-21 05:00:00', '2010-06-05 05:00:00', '2010-06-10 05:00:00', NULL),
(364, 358, '2013-10-28 04:00:00', '2013-11-16 04:00:00', '2013-11-18 04:00:00', NULL),
(365, 359, '2012-01-05 00:00:00', '2012-02-01 00:00:00', '2012-02-04 00:00:00', NULL),
(366, 359, '2018-02-17 02:00:00', '2018-03-13 02:00:00', '2018-03-14 02:00:00', NULL),
(367, 361, '2010-04-04 18:00:00', '2010-04-19 18:00:00', '2010-04-25 18:00:00', NULL),
(368, 363, '2012-11-03 21:00:00', '2012-11-10 21:00:00', '2012-11-16 21:00:00', NULL),
(369, 363, '2016-03-02 08:00:00', '2016-03-13 08:00:00', '2016-03-19 08:00:00', NULL),
(370, 365, '2015-01-25 00:00:00', '2015-02-06 00:00:00', '2015-02-12 00:00:00', NULL),
(371, 366, '2013-12-10 00:00:00', '2013-12-14 00:00:00', '2013-12-17 00:00:00', NULL),
(372, 368, '2011-03-13 14:00:00', '2011-03-24 14:00:00', '2011-03-26 14:00:00', NULL),
(373, 369, '2013-02-26 11:00:00', '2013-03-20 11:00:00', '2013-03-21 11:00:00', NULL),
(374, 369, '2018-02-19 11:00:00', '2018-02-22 11:00:00', '2018-02-28 11:00:00', NULL),
(375, 371, '2012-01-27 17:00:00', '2012-02-22 17:00:00', '2012-02-23 17:00:00', NULL),
(376, 371, '2018-01-22 22:00:00', '2018-02-11 22:00:00', '2018-02-14 22:00:00', NULL),
(377, 372, '2018-08-11 07:00:00', '2018-09-03 07:00:00', '2018-09-05 07:00:00', NULL),
(378, 374, '2010-07-10 09:00:00', '2010-07-11 09:00:00', '2010-07-18 09:00:00', NULL),
(379, 376, '2011-02-09 04:00:00', '2011-03-03 04:00:00', '2011-03-09 04:00:00', NULL),
(380, 376, '2012-03-01 15:00:00', '2012-03-17 15:00:00', '2012-03-18 15:00:00', NULL),
(381, 377, '2018-10-28 05:00:00', '2018-11-08 05:00:00', '2018-11-14 05:00:00', NULL),
(382, 379, '2011-07-10 06:00:00', '2011-07-29 06:00:00', '2011-08-04 06:00:00', NULL),
(383, 380, '2012-05-12 17:00:00', '2012-05-19 17:00:00', '2012-05-22 17:00:00', NULL),
(384, 384, '2014-01-02 01:00:00', '2014-01-27 01:00:00', '2014-01-29 01:00:00', NULL),
(385, 387, '2011-07-21 21:00:00', '2011-08-01 21:00:00', '2011-08-06 21:00:00', NULL),
(386, 389, '2011-03-02 14:00:00', '2011-03-04 14:00:00', '2011-03-10 14:00:00', NULL),
(387, 390, '2015-11-10 00:00:00', '2015-11-17 00:00:00', '2015-11-24 00:00:00', NULL),
(388, 390, '2013-08-01 09:00:00', '2013-08-31 09:00:00', '2013-09-06 09:00:00', NULL),
(389, 391, '2016-10-23 08:00:00', '2016-10-25 08:00:00', '2016-10-26 08:00:00', NULL),
(390, 392, '2018-05-24 17:00:00', '2018-05-25 17:00:00', '2018-05-28 17:00:00', NULL),
(391, 393, '2015-03-31 23:00:00', '2015-04-13 23:00:00', '2015-04-14 23:00:00', NULL),
(392, 393, '2017-08-17 14:00:00', '2017-08-21 14:00:00', '2017-08-25 14:00:00', NULL),
(393, 395, '2018-03-30 04:00:00', '2018-04-18 04:00:00', '2018-04-21 04:00:00', NULL),
(394, 395, '2018-09-24 22:00:00', '2018-10-01 22:00:00', '2018-10-07 22:00:00', NULL),
(395, 396, '2018-02-28 16:00:00', '2018-03-11 16:00:00', '2018-03-17 16:00:00', NULL),
(396, 396, '2010-12-29 22:00:00', '2011-01-13 22:00:00', '2011-01-17 22:00:00', '2010-12-30 22:00:00'),
(397, 398, '2014-10-25 08:00:00', '2014-11-18 08:00:00', '2014-11-19 08:00:00', NULL),
(398, 398, '2016-01-09 09:00:00', '2016-02-05 09:00:00', '2016-02-06 09:00:00', NULL),
(399, 399, '2016-12-05 23:00:00', '2016-12-31 23:00:00', '2017-01-04 23:00:00', NULL),
(400, 399, '2018-07-12 01:00:00', '2018-07-26 01:00:00', '2018-08-01 01:00:00', NULL),
(401, 401, '2012-09-17 09:00:00', '2012-09-27 09:00:00', '2012-10-04 09:00:00', NULL),
(402, 401, '2011-10-07 07:00:00', '2011-10-28 07:00:00', '2011-11-04 07:00:00', NULL),
(403, 402, '2016-10-23 17:00:00', '2016-11-05 17:00:00', '2016-11-08 17:00:00', NULL),
(404, 402, '2012-06-23 16:00:00', '2012-06-26 16:00:00', '2012-06-28 16:00:00', NULL),
(405, 403, '2016-06-27 20:00:00', '2016-07-10 20:00:00', '2016-07-16 20:00:00', NULL),
(406, 405, '2018-08-30 09:00:00', '2018-09-11 09:00:00', '2018-09-14 09:00:00', NULL),
(407, 405, '2012-07-15 12:00:00', '2012-08-11 12:00:00', '2012-08-15 12:00:00', NULL),
(408, 406, '2016-08-08 04:00:00', '2016-08-24 04:00:00', '2016-08-29 04:00:00', NULL),
(409, 407, '2017-05-08 09:00:00', '2017-06-01 09:00:00', '2017-06-07 09:00:00', NULL),
(410, 408, '2010-01-12 21:00:00', '2010-01-28 21:00:00', '2010-02-02 21:00:00', NULL),
(411, 409, '2014-02-27 15:00:00', '2014-03-07 15:00:00', '2014-03-11 15:00:00', NULL),
(412, 409, '2012-07-07 10:00:00', '2012-07-26 10:00:00', '2012-07-28 10:00:00', NULL),
(413, 410, '2014-06-15 11:00:00', '2014-06-25 11:00:00', '2014-06-30 11:00:00', NULL),
(414, 410, '2018-12-17 17:00:00', '2019-01-02 17:00:00', '2019-01-06 17:00:00', NULL),
(415, 411, '2011-03-26 10:00:00', '2011-04-21 10:00:00', '2011-04-22 10:00:00', NULL),
(416, 412, '2018-06-21 01:00:00', '2018-07-10 01:00:00', '2018-07-12 01:00:00', NULL),
(417, 413, '2018-01-30 02:00:00', '2018-02-11 02:00:00', '2018-02-14 02:00:00', NULL),
(418, 414, '2016-02-05 19:00:00', '2016-02-17 19:00:00', '2016-02-21 19:00:00', NULL),
(419, 414, '2011-11-10 04:00:00', '2011-11-27 04:00:00', '2011-12-01 04:00:00', NULL),
(420, 415, '2016-07-24 15:00:00', '2016-08-15 15:00:00', '2016-08-20 15:00:00', NULL),
(421, 416, '2012-09-06 12:00:00', '2012-09-13 12:00:00', '2012-09-17 12:00:00', NULL),
(422, 416, '2018-04-19 12:00:00', '2018-05-07 12:00:00', '2018-05-13 12:00:00', NULL),
(423, 417, '2018-12-05 17:00:00', '2018-12-11 17:00:00', '2018-12-13 17:00:00', NULL),
(424, 418, '2016-03-27 11:00:00', '2016-04-23 11:00:00', '2016-04-24 11:00:00', NULL),
(425, 419, '2011-05-28 03:00:00', '2011-06-02 03:00:00', '2011-06-08 03:00:00', NULL),
(426, 419, '2014-09-11 19:00:00', '2014-10-09 19:00:00', '2014-10-10 19:00:00', NULL),
(427, 421, '2015-09-24 10:00:00', '2015-10-02 10:00:00', '2015-10-05 10:00:00', NULL),
(428, 422, '2018-09-29 02:00:00', '2018-10-28 02:00:00', '2018-11-04 02:00:00', NULL),
(429, 423, '2018-11-29 11:00:00', '2018-12-21 11:00:00', '2018-12-27 11:00:00', NULL),
(430, 424, '2018-09-03 08:00:00', '2018-09-29 08:00:00', '2018-10-04 08:00:00', NULL),
(431, 425, '2010-10-23 14:00:00', '2010-10-28 14:00:00', '2010-11-03 14:00:00', NULL),
(432, 425, '2010-04-28 09:00:00', '2010-05-13 09:00:00', '2010-05-17 09:00:00', NULL),
(433, 427, '2012-02-14 16:00:00', '2012-03-15 16:00:00', '2012-03-21 16:00:00', NULL),
(434, 428, '2012-02-19 10:00:00', '2012-03-04 10:00:00', '2012-03-05 10:00:00', NULL),
(435, 429, '2011-07-17 03:00:00', '2011-07-18 03:00:00', '2011-07-19 03:00:00', NULL),
(436, 429, '2010-06-03 19:00:00', '2010-06-10 19:00:00', '2010-06-15 19:00:00', NULL),
(437, 431, '2010-07-06 13:00:00', '2010-07-31 13:00:00', '2010-08-06 13:00:00', NULL),
(438, 432, '2016-06-23 11:00:00', '2016-06-30 11:00:00', '2016-07-03 11:00:00', NULL),
(439, 433, '2014-12-07 11:00:00', '2015-01-02 11:00:00', '2015-01-08 11:00:00', NULL),
(440, 433, '2018-12-02 00:00:00', '2018-12-11 00:00:00', '2018-12-15 00:00:00', NULL),
(441, 434, '2018-08-20 11:00:00', '2018-09-01 11:00:00', '2018-09-06 11:00:00', NULL),
(442, 435, '2014-06-19 05:00:00', '2014-07-02 05:00:00', '2014-07-05 05:00:00', NULL),
(443, 435, '2015-05-12 05:00:00', '2015-06-05 05:00:00', '2015-06-06 05:00:00', NULL),
(444, 439, '2014-04-24 09:00:00', '2014-05-02 09:00:00', '2014-05-07 09:00:00', NULL),
(445, 439, '2010-05-17 16:00:00', '2010-05-18 16:00:00', '2010-05-24 16:00:00', NULL),
(446, 440, '2017-08-22 14:00:00', '2017-09-01 14:00:00', '2017-09-07 14:00:00', '2017-08-25 14:00:00'),
(447, 440, '2017-09-05 23:00:00', '2017-09-12 23:00:00', '2017-09-13 23:00:00', NULL),
(448, 441, '2013-09-09 19:00:00', '2013-10-02 19:00:00', '2013-10-05 19:00:00', NULL),
(449, 442, '2017-10-25 21:00:00', '2017-11-06 21:00:00', '2017-11-07 21:00:00', NULL),
(450, 442, '2015-02-08 06:00:00', '2015-02-13 06:00:00', '2015-02-18 06:00:00', NULL),
(451, 443, '2017-07-24 04:00:00', '2017-08-07 04:00:00', '2017-08-12 04:00:00', NULL),
(452, 444, '2011-03-15 07:00:00', '2011-03-26 07:00:00', '2011-03-29 07:00:00', NULL),
(453, 445, '2015-06-18 05:00:00', '2015-07-14 05:00:00', '2015-07-20 05:00:00', NULL),
(454, 445, '2013-02-06 23:00:00', '2013-02-21 23:00:00', '2013-02-25 23:00:00', NULL),
(455, 446, '2017-06-24 14:00:00', '2017-07-12 14:00:00', '2017-07-15 14:00:00', NULL),
(456, 446, '2017-12-05 05:00:00', '2017-12-14 05:00:00', '2017-12-15 05:00:00', NULL),
(457, 447, '2010-07-31 06:00:00', '2010-08-25 06:00:00', '2010-09-01 06:00:00', NULL),
(458, 447, '2010-03-18 05:00:00', '2010-04-17 05:00:00', '2010-04-22 05:00:00', '2010-03-21 05:00:00'),
(459, 448, '2016-03-28 17:00:00', '2016-04-02 17:00:00', '2016-04-05 17:00:00', '2016-03-31 17:00:00'),
(460, 449, '2013-08-15 23:00:00', '2013-08-26 23:00:00', '2013-08-30 23:00:00', NULL),
(461, 449, '2012-07-23 06:00:00', '2012-08-12 06:00:00', '2012-08-15 06:00:00', NULL),
(462, 451, '2013-06-17 14:00:00', '2013-06-29 14:00:00', '2013-07-02 14:00:00', NULL),
(463, 455, '2017-02-08 19:00:00', '2017-02-24 19:00:00', '2017-02-25 19:00:00', NULL),
(464, 456, '2017-05-21 14:00:00', '2017-06-12 14:00:00', '2017-06-18 14:00:00', NULL),
(465, 456, '2015-03-08 06:00:00', '2015-04-07 06:00:00', '2015-04-14 06:00:00', NULL),
(466, 458, '2011-12-04 05:00:00', '2011-12-28 05:00:00', '2012-01-03 05:00:00', NULL),
(467, 458, '2012-09-01 16:00:00', '2012-09-05 16:00:00', '2012-09-11 16:00:00', NULL),
(468, 459, '2018-09-28 03:00:00', '2018-10-04 03:00:00', '2018-10-08 03:00:00', NULL),
(469, 460, '2016-05-26 11:00:00', '2016-05-27 11:00:00', '2016-06-01 11:00:00', NULL),
(470, 462, '2010-03-02 06:00:00', '2010-03-12 06:00:00', '2010-03-17 06:00:00', NULL),
(471, 462, '2014-08-18 20:00:00', '2014-08-25 20:00:00', '2014-08-28 20:00:00', NULL),
(472, 463, '2016-07-18 20:00:00', '2016-08-03 20:00:00', '2016-08-10 20:00:00', NULL),
(473, 465, '2015-03-20 15:00:00', '2015-04-06 15:00:00', '2015-04-11 15:00:00', NULL),
(474, 466, '2014-03-06 07:00:00', '2014-03-29 07:00:00', '2014-04-01 07:00:00', NULL),
(475, 466, '2012-10-15 04:00:00', '2012-10-27 04:00:00', '2012-10-30 04:00:00', NULL),
(476, 468, '2015-11-09 13:00:00', '2015-12-05 13:00:00', '2015-12-09 13:00:00', NULL),
(477, 468, '2014-10-23 01:00:00', '2014-11-16 01:00:00', '2014-11-23 01:00:00', NULL),
(478, 470, '2013-02-08 03:00:00', '2013-02-16 03:00:00', '2013-02-20 03:00:00', '2013-02-09 03:00:00'),
(479, 471, '2017-05-04 07:00:00', '2017-05-14 07:00:00', '2017-05-19 07:00:00', NULL),
(480, 471, '2013-11-06 08:00:00', '2013-11-24 08:00:00', '2013-11-30 08:00:00', NULL),
(481, 473, '2016-11-22 14:00:00', '2016-12-07 14:00:00', '2016-12-10 14:00:00', NULL),
(482, 473, '2013-11-22 15:00:00', '2013-12-20 15:00:00', '2013-12-23 15:00:00', NULL),
(483, 476, '2015-12-20 17:00:00', '2015-12-31 17:00:00', '2016-01-07 17:00:00', NULL),
(484, 476, '2018-04-15 10:00:00', '2018-04-17 10:00:00', '2018-04-19 10:00:00', NULL),
(485, 477, '2014-10-31 13:00:00', '2014-11-24 13:00:00', '2014-11-29 13:00:00', NULL),
(486, 478, '2018-08-27 11:00:00', '2018-09-01 11:00:00', '2018-09-07 11:00:00', NULL),
(487, 478, '2014-10-20 17:00:00', '2014-11-16 17:00:00', '2014-11-19 17:00:00', NULL),
(488, 481, '2011-12-04 05:00:00', '2011-12-21 05:00:00', '2011-12-25 05:00:00', NULL),
(489, 483, '2018-06-09 14:00:00', '2018-06-18 14:00:00', '2018-06-21 14:00:00', NULL),
(490, 483, '2018-06-02 20:00:00', '2018-06-06 20:00:00', '2018-06-11 20:00:00', NULL),
(491, 484, '2012-06-17 16:00:00', '2012-07-06 16:00:00', '2012-07-10 16:00:00', NULL),
(492, 485, '2011-03-03 01:00:00', '2011-03-14 01:00:00', '2011-03-15 01:00:00', NULL),
(493, 486, '2018-05-30 08:00:00', '2018-06-17 08:00:00', '2018-06-18 08:00:00', NULL),
(494, 487, '2013-11-28 15:00:00', '2013-12-05 15:00:00', '2013-12-07 15:00:00', NULL),
(495, 487, '2018-08-10 03:00:00', '2018-08-26 03:00:00', '2018-09-01 03:00:00', NULL),
(496, 488, '2011-07-11 16:00:00', '2011-08-01 16:00:00', '2011-08-07 16:00:00', NULL),
(497, 488, '2011-11-01 08:00:00', '2011-11-05 08:00:00', '2011-11-09 08:00:00', NULL),
(498, 489, '2016-12-22 12:00:00', '2016-12-23 12:00:00', '2016-12-27 12:00:00', '2016-12-24 12:00:00'),
(499, 489, '2018-07-21 01:00:00', '2018-08-05 01:00:00', '2018-08-08 01:00:00', NULL),
(500, 490, '2016-09-02 00:00:00', '2016-09-18 00:00:00', '2016-09-19 00:00:00', NULL),
(501, 490, '2011-12-06 17:00:00', '2011-12-21 17:00:00', '2011-12-25 17:00:00', NULL),
(502, 493, '2014-05-28 18:00:00', '2014-06-04 18:00:00', '2014-06-09 18:00:00', NULL),
(503, 493, '2012-02-12 10:00:00', '2012-02-25 10:00:00', '2012-03-03 10:00:00', NULL),
(504, 494, '2010-06-25 16:00:00', '2010-07-16 16:00:00', '2010-07-18 16:00:00', NULL),
(505, 497, '2017-11-18 23:00:00', '2017-11-24 23:00:00', '2017-11-28 23:00:00', NULL),
(506, 497, '2011-05-10 22:00:00', '2011-05-25 22:00:00', '2011-05-31 22:00:00', NULL),
(507, 499, '2014-03-07 04:00:00', '2014-03-17 04:00:00', '2014-03-22 04:00:00', NULL),
(508, 500, '2018-12-08 17:00:00', '2018-12-13 17:00:00', '2018-12-17 17:00:00', NULL),
(509, 500, '2016-10-30 03:00:00', '2016-11-20 03:00:00', '2016-11-21 03:00:00', NULL),
(510, 502, '2016-07-30 10:00:00', '2016-08-22 10:00:00', '2016-08-24 10:00:00', '2016-07-31 10:00:00'),
(511, 503, '2014-10-04 16:00:00', '2014-10-19 16:00:00', '2014-10-22 16:00:00', NULL),
(512, 504, '2011-01-15 04:00:00', '2011-01-25 04:00:00', '2011-01-29 04:00:00', NULL),
(513, 505, '2015-05-30 23:00:00', '2015-06-11 23:00:00', '2015-06-17 23:00:00', NULL),
(514, 506, '2014-05-20 03:00:00', '2014-06-16 03:00:00', '2014-06-20 03:00:00', NULL),
(515, 507, '2014-08-24 19:00:00', '2014-09-03 19:00:00', '2014-09-08 19:00:00', NULL),
(516, 507, '2012-12-11 22:00:00', '2012-12-21 22:00:00', '2012-12-28 22:00:00', NULL),
(517, 509, '2011-05-25 22:00:00', '2011-06-12 22:00:00', '2011-06-16 22:00:00', NULL),
(518, 509, '2015-05-31 06:00:00', '2015-06-25 06:00:00', '2015-06-27 06:00:00', '2015-06-01 06:00:00'),
(519, 510, '2015-02-15 19:00:00', '2015-02-24 19:00:00', '2015-02-28 19:00:00', NULL),
(520, 510, '2011-10-12 06:00:00', '2011-11-01 06:00:00', '2011-11-03 06:00:00', NULL),
(521, 511, '2018-09-03 22:00:00', '2018-09-07 22:00:00', '2018-09-13 22:00:00', '2018-09-04 22:00:00'),
(522, 511, '2018-10-06 10:00:00', '2018-10-30 10:00:00', '2018-11-03 10:00:00', NULL),
(523, 512, '2018-11-28 12:00:00', '2018-12-06 12:00:00', '2018-12-12 12:00:00', NULL),
(524, 512, '2010-05-19 08:00:00', '2010-06-09 08:00:00', '2010-06-10 08:00:00', NULL),
(525, 513, '2017-08-27 22:00:00', '2017-09-25 22:00:00', '2017-09-28 22:00:00', NULL),
(526, 513, '2016-01-28 02:00:00', '2016-01-29 02:00:00', '2016-01-31 02:00:00', NULL),
(527, 514, '2011-01-24 03:00:00', '2011-02-17 03:00:00', '2011-02-23 03:00:00', NULL),
(528, 515, '2016-03-05 18:00:00', '2016-03-09 18:00:00', '2016-03-14 18:00:00', NULL),
(529, 516, '2014-02-03 23:00:00', '2014-02-09 23:00:00', '2014-02-13 23:00:00', NULL),
(530, 516, '2015-11-01 15:00:00', '2015-11-27 15:00:00', '2015-12-04 15:00:00', '2015-11-04 15:00:00'),
(531, 517, '2017-11-26 10:00:00', '2017-12-11 10:00:00', '2017-12-13 10:00:00', '2017-11-29 10:00:00'),
(532, 517, '2015-03-02 18:00:00', '2015-03-25 18:00:00', '2015-03-29 18:00:00', NULL),
(533, 518, '2012-07-21 02:00:00', '2012-08-10 02:00:00', '2012-08-16 02:00:00', '2012-07-24 02:00:00'),
(534, 519, '2012-04-15 15:00:00', '2012-05-10 15:00:00', '2012-05-11 15:00:00', NULL),
(535, 519, '2015-05-14 18:00:00', '2015-05-17 18:00:00', '2015-05-23 18:00:00', NULL),
(536, 520, '2016-07-13 12:00:00', '2016-07-22 12:00:00', '2016-07-25 12:00:00', NULL),
(537, 520, '2018-02-05 08:00:00', '2018-02-15 08:00:00', '2018-02-18 08:00:00', NULL),
(538, 521, '2016-09-21 17:00:00', '2016-10-03 17:00:00', '2016-10-09 17:00:00', '2016-09-22 17:00:00'),
(539, 523, '2016-04-14 01:00:00', '2016-05-06 01:00:00', '2016-05-09 01:00:00', NULL),
(540, 523, '2016-08-02 09:00:00', '2016-08-18 09:00:00', '2016-08-24 09:00:00', NULL),
(541, 525, '2015-09-12 17:00:00', '2015-09-27 17:00:00', '2015-10-03 17:00:00', NULL),
(542, 527, '2012-02-03 18:00:00', '2012-02-29 18:00:00', '2012-03-03 18:00:00', NULL),
(543, 527, '2012-02-24 08:00:00', '2012-03-16 08:00:00', '2012-03-21 08:00:00', NULL),
(544, 528, '2014-06-23 20:00:00', '2014-07-15 20:00:00', '2014-07-21 20:00:00', '2014-06-26 20:00:00'),
(545, 530, '2017-10-04 00:00:00', '2017-11-03 00:00:00', '2017-11-05 00:00:00', NULL),
(546, 531, '2016-04-14 13:00:00', '2016-04-20 13:00:00', '2016-04-23 13:00:00', NULL),
(547, 532, '2011-10-29 23:00:00', '2011-11-14 23:00:00', '2011-11-15 23:00:00', NULL),
(548, 532, '2017-03-30 23:00:00', '2017-04-01 23:00:00', '2017-04-08 23:00:00', NULL),
(549, 534, '2017-01-14 14:00:00', '2017-02-13 14:00:00', '2017-02-14 14:00:00', NULL),
(550, 535, '2017-05-20 01:00:00', '2017-06-10 01:00:00', '2017-06-11 01:00:00', '2017-05-21 01:00:00'),
(551, 535, '2013-10-30 20:00:00', '2013-11-05 20:00:00', '2013-11-07 20:00:00', NULL),
(552, 538, '2016-01-07 05:00:00', '2016-01-08 05:00:00', '2016-01-10 05:00:00', NULL),
(553, 539, '2014-05-20 23:00:00', '2014-05-25 23:00:00', '2014-06-01 23:00:00', NULL),
(554, 539, '2017-10-25 00:00:00', '2017-11-03 00:00:00', '2017-11-06 00:00:00', NULL),
(555, 540, '2010-03-19 19:00:00', '2010-04-01 19:00:00', '2010-04-02 19:00:00', NULL),
(556, 540, '2013-02-20 17:00:00', '2013-03-13 17:00:00', '2013-03-20 17:00:00', NULL),
(557, 542, '2014-01-27 03:00:00', '2014-02-02 03:00:00', '2014-02-06 03:00:00', '2014-01-28 03:00:00'),
(558, 542, '2012-10-26 18:00:00', '2012-11-11 18:00:00', '2012-11-15 18:00:00', NULL),
(559, 543, '2010-11-22 12:00:00', '2010-12-05 12:00:00', '2010-12-10 12:00:00', NULL),
(560, 544, '2011-08-11 07:00:00', '2011-08-14 07:00:00', '2011-08-21 07:00:00', '2011-08-13 07:00:00'),
(561, 545, '2014-11-25 06:00:00', '2014-12-01 06:00:00', '2014-12-07 06:00:00', NULL),
(562, 548, '2010-08-21 19:00:00', '2010-08-28 19:00:00', '2010-09-03 19:00:00', NULL),
(563, 548, '2016-03-30 06:00:00', '2016-04-25 06:00:00', '2016-04-30 06:00:00', NULL),
(564, 549, '2018-02-27 18:00:00', '2018-03-23 18:00:00', '2018-03-27 18:00:00', NULL),
(565, 552, '2017-10-08 09:00:00', '2017-10-20 09:00:00', '2017-10-23 09:00:00', NULL),
(566, 552, '2010-04-16 01:00:00', '2010-05-03 01:00:00', '2010-05-04 01:00:00', NULL),
(567, 554, '2013-03-01 17:00:00', '2013-03-26 17:00:00', '2013-03-31 17:00:00', NULL),
(568, 556, '2015-01-09 15:00:00', '2015-01-24 15:00:00', '2015-01-26 15:00:00', NULL),
(569, 557, '2010-09-08 09:00:00', '2010-09-22 09:00:00', '2010-09-24 09:00:00', '2010-09-11 09:00:00'),
(570, 558, '2017-06-10 02:00:00', '2017-06-29 02:00:00', '2017-07-06 02:00:00', NULL),
(571, 559, '2014-09-27 06:00:00', '2014-10-05 06:00:00', '2014-10-11 06:00:00', NULL),
(572, 561, '2017-11-24 16:00:00', '2017-11-30 16:00:00', '2017-12-07 16:00:00', NULL),
(573, 561, '2016-08-15 09:00:00', '2016-09-10 09:00:00', '2016-09-15 09:00:00', NULL),
(574, 563, '2015-09-19 23:00:00', '2015-10-04 23:00:00', '2015-10-08 23:00:00', NULL),
(575, 564, '2012-11-22 23:00:00', '2012-12-12 23:00:00', '2012-12-17 23:00:00', NULL),
(576, 565, '2015-08-28 17:00:00', '2015-09-14 17:00:00', '2015-09-21 17:00:00', '2015-08-30 17:00:00'),
(577, 565, '2013-06-26 06:00:00', '2013-06-27 06:00:00', '2013-07-01 06:00:00', NULL),
(578, 566, '2016-04-03 09:00:00', '2016-04-22 09:00:00', '2016-04-25 09:00:00', NULL),
(579, 568, '2011-10-21 12:00:00', '2011-11-09 12:00:00', '2011-11-16 12:00:00', NULL),
(580, 568, '2012-05-05 15:00:00', '2012-05-20 15:00:00', '2012-05-27 15:00:00', NULL),
(581, 570, '2012-12-07 14:00:00', '2012-12-25 14:00:00', '2012-12-30 14:00:00', NULL),
(582, 571, '2010-07-21 02:00:00', '2010-08-17 02:00:00', '2010-08-19 02:00:00', NULL),
(583, 573, '2015-07-04 23:00:00', '2015-07-11 23:00:00', '2015-07-15 23:00:00', NULL),
(584, 573, '2010-06-25 02:00:00', '2010-07-01 02:00:00', '2010-07-03 02:00:00', NULL),
(585, 575, '2011-08-19 00:00:00', '2011-09-15 00:00:00', '2011-09-20 00:00:00', NULL),
(586, 575, '2018-01-12 10:00:00', '2018-01-28 10:00:00', '2018-02-01 10:00:00', NULL),
(587, 576, '2016-03-11 10:00:00', '2016-03-12 10:00:00', '2016-03-14 10:00:00', '2016-03-12 10:00:00'),
(588, 577, '2016-01-08 04:00:00', '2016-02-06 04:00:00', '2016-02-11 04:00:00', NULL),
(589, 580, '2012-04-23 17:00:00', '2012-05-04 17:00:00', '2012-05-09 17:00:00', NULL),
(590, 580, '2012-03-31 23:00:00', '2012-04-30 23:00:00', '2012-05-07 23:00:00', NULL),
(591, 582, '2013-06-27 19:00:00', '2013-07-01 19:00:00', '2013-07-04 19:00:00', NULL),
(592, 584, '2010-04-22 04:00:00', '2010-04-28 04:00:00', '2010-04-29 04:00:00', '2010-04-25 04:00:00'),
(593, 585, '2011-11-06 23:00:00', '2011-11-24 23:00:00', '2011-11-28 23:00:00', NULL),
(594, 586, '2010-12-01 12:00:00', '2010-12-08 12:00:00', '2010-12-15 12:00:00', '2010-12-03 12:00:00'),
(595, 587, '2012-11-20 23:00:00', '2012-11-23 23:00:00', '2012-11-24 23:00:00', NULL),
(596, 587, '2013-10-03 02:00:00', '2013-10-13 02:00:00', '2013-10-19 02:00:00', NULL),
(597, 588, '2015-04-15 12:00:00', '2015-05-10 12:00:00', '2015-05-15 12:00:00', '2015-04-18 12:00:00'),
(598, 590, '2013-04-12 22:00:00', '2013-05-03 22:00:00', '2013-05-08 22:00:00', NULL),
(599, 590, '2010-02-15 03:00:00', '2010-02-19 03:00:00', '2010-02-23 03:00:00', NULL),
(600, 591, '2016-09-07 14:00:00', '2016-09-24 14:00:00', '2016-09-25 14:00:00', NULL),
(601, 592, '2015-02-04 18:00:00', '2015-02-09 18:00:00', '2015-02-13 18:00:00', NULL),
(602, 592, '2012-10-07 04:00:00', '2012-10-20 04:00:00', '2012-10-23 04:00:00', '2012-10-10 04:00:00'),
(603, 594, '2011-08-31 02:00:00', '2011-09-21 02:00:00', '2011-09-27 02:00:00', '2011-09-03 02:00:00'),
(604, 595, '2016-01-09 10:00:00', '2016-01-31 10:00:00', '2016-02-06 10:00:00', NULL),
(605, 596, '2017-11-23 16:00:00', '2017-12-12 16:00:00', '2017-12-18 16:00:00', NULL),
(606, 597, '2016-01-22 17:00:00', '2016-02-05 17:00:00', '2016-02-11 17:00:00', NULL),
(607, 599, '2011-02-24 15:00:00', '2011-03-21 15:00:00', '2011-03-26 15:00:00', NULL),
(608, 600, '2012-11-16 18:00:00', '2012-12-09 18:00:00', '2012-12-11 18:00:00', NULL),
(609, 602, '2013-04-25 02:00:00', '2013-05-22 02:00:00', '2013-05-28 02:00:00', NULL),
(610, 602, '2018-02-08 06:00:00', '2018-03-07 06:00:00', '2018-03-11 06:00:00', NULL),
(611, 603, '2017-02-04 13:00:00', '2017-02-11 13:00:00', '2017-02-15 13:00:00', '2017-02-07 13:00:00'),
(612, 603, '2011-04-30 00:00:00', '2011-05-05 00:00:00', '2011-05-12 00:00:00', NULL),
(613, 604, '2015-12-19 03:00:00', '2015-12-24 03:00:00', '2015-12-30 03:00:00', NULL),
(614, 604, '2013-07-06 02:00:00', '2013-07-16 02:00:00', '2013-07-20 02:00:00', NULL),
(615, 605, '2012-07-16 02:00:00', '2012-08-13 02:00:00', '2012-08-19 02:00:00', '2012-07-19 02:00:00'),
(616, 606, '2012-11-26 06:00:00', '2012-12-21 06:00:00', '2012-12-22 06:00:00', NULL),
(617, 606, '2017-12-02 03:00:00', '2017-12-10 03:00:00', '2017-12-13 03:00:00', '2017-12-04 03:00:00'),
(618, 607, '2016-04-22 04:00:00', '2016-05-19 04:00:00', '2016-05-20 04:00:00', NULL),
(619, 607, '2018-12-19 02:00:00', '2019-01-16 02:00:00', '2019-01-19 02:00:00', NULL),
(620, 609, '2011-03-31 06:00:00', '2011-04-23 06:00:00', '2011-04-29 06:00:00', NULL),
(621, 610, '2010-05-02 11:00:00', '2010-05-18 11:00:00', '2010-05-21 11:00:00', NULL),
(622, 612, '2017-10-15 03:00:00', '2017-11-12 03:00:00', '2017-11-16 03:00:00', NULL),
(623, 613, '2013-09-26 23:00:00', '2013-10-25 23:00:00', '2013-10-27 23:00:00', NULL),
(624, 614, '2016-06-05 19:00:00', '2016-06-16 19:00:00', '2016-06-23 19:00:00', NULL),
(625, 614, '2011-03-08 06:00:00', '2011-03-13 06:00:00', '2011-03-19 06:00:00', NULL),
(626, 615, '2011-12-07 17:00:00', '2011-12-29 17:00:00', '2012-01-04 17:00:00', NULL),
(627, 620, '2017-06-25 19:00:00', '2017-07-20 19:00:00', '2017-07-21 19:00:00', NULL),
(628, 620, '2017-05-03 13:00:00', '2017-05-24 13:00:00', '2017-05-26 13:00:00', NULL),
(629, 622, '2012-01-01 12:00:00', '2012-01-31 12:00:00', '2012-02-05 12:00:00', NULL),
(630, 622, '2014-10-26 04:00:00', '2014-11-01 04:00:00', '2014-11-04 04:00:00', NULL),
(631, 623, '2012-07-05 05:00:00', '2012-07-13 05:00:00', '2012-07-17 05:00:00', NULL),
(632, 624, '2016-07-18 06:00:00', '2016-08-07 06:00:00', '2016-08-11 06:00:00', NULL),
(633, 625, '2017-05-28 09:00:00', '2017-06-17 09:00:00', '2017-06-18 09:00:00', NULL),
(634, 626, '2011-06-10 14:00:00', '2011-06-30 14:00:00', '2011-07-06 14:00:00', NULL),
(635, 626, '2012-10-16 12:00:00', '2012-11-03 12:00:00', '2012-11-04 12:00:00', NULL),
(636, 630, '2016-07-10 08:00:00', '2016-07-14 08:00:00', '2016-07-17 08:00:00', NULL),
(637, 630, '2018-01-19 11:00:00', '2018-02-18 11:00:00', '2018-02-19 11:00:00', NULL),
(638, 631, '2014-03-09 08:00:00', '2014-04-07 08:00:00', '2014-04-12 08:00:00', NULL),
(639, 631, '2011-03-07 13:00:00', '2011-03-13 13:00:00', '2011-03-20 13:00:00', NULL),
(640, 632, '2010-06-08 19:00:00', '2010-06-13 19:00:00', '2010-06-17 19:00:00', NULL),
(641, 634, '2015-03-10 20:00:00', '2015-03-13 20:00:00', '2015-03-18 20:00:00', NULL),
(642, 634, '2012-03-09 16:00:00', '2012-03-18 16:00:00', '2012-03-21 16:00:00', NULL),
(643, 635, '2011-08-11 04:00:00', '2011-09-09 04:00:00', '2011-09-14 04:00:00', NULL),
(644, 637, '2010-04-19 19:00:00', '2010-05-02 19:00:00', '2010-05-03 19:00:00', NULL),
(645, 638, '2018-04-02 06:00:00', '2018-04-03 06:00:00', '2018-04-06 06:00:00', NULL),
(646, 638, '2015-10-30 11:00:00', '2015-11-09 11:00:00', '2015-11-11 11:00:00', NULL),
(647, 640, '2011-11-20 14:00:00', '2011-11-22 14:00:00', '2011-11-28 14:00:00', NULL),
(648, 640, '2010-01-14 01:00:00', '2010-02-04 01:00:00', '2010-02-05 01:00:00', NULL),
(649, 642, '2016-08-14 07:00:00', '2016-08-31 07:00:00', '2016-09-02 07:00:00', NULL),
(650, 643, '2011-02-13 04:00:00', '2011-02-21 04:00:00', '2011-02-28 04:00:00', NULL),
(651, 643, '2013-08-31 09:00:00', '2013-09-09 09:00:00', '2013-09-15 09:00:00', NULL),
(652, 647, '2016-08-27 03:00:00', '2016-09-10 03:00:00', '2016-09-17 03:00:00', NULL),
(653, 647, '2018-11-18 08:00:00', '2018-11-29 08:00:00', '2018-12-03 08:00:00', NULL),
(654, 648, '2014-07-20 11:00:00', '2014-07-26 11:00:00', '2014-07-31 11:00:00', '2014-07-23 11:00:00'),
(655, 648, '2018-12-25 02:00:00', '2019-01-06 02:00:00', '2019-01-12 02:00:00', NULL),
(656, 649, '2012-09-08 21:00:00', '2012-09-30 21:00:00', '2012-10-07 21:00:00', NULL),
(657, 649, '2017-07-08 05:00:00', '2017-07-22 05:00:00', '2017-07-24 05:00:00', NULL),
(658, 651, '2010-01-10 10:00:00', '2010-01-15 10:00:00', '2010-01-19 10:00:00', NULL),
(659, 651, '2010-10-20 13:00:00', '2010-10-27 13:00:00', '2010-10-30 13:00:00', NULL),
(660, 652, '2014-10-30 06:00:00', '2014-11-28 06:00:00', '2014-12-04 06:00:00', NULL),
(661, 652, '2016-05-15 16:00:00', '2016-05-23 16:00:00', '2016-05-30 16:00:00', NULL),
(662, 653, '2017-04-18 21:00:00', '2017-04-24 21:00:00', '2017-04-28 21:00:00', NULL),
(663, 653, '2013-02-07 14:00:00', '2013-02-14 14:00:00', '2013-02-15 14:00:00', NULL),
(664, 654, '2016-01-13 01:00:00', '2016-01-18 01:00:00', '2016-01-22 01:00:00', NULL),
(665, 655, '2016-08-19 21:00:00', '2016-09-02 21:00:00', '2016-09-06 21:00:00', NULL),
(666, 655, '2013-08-25 16:00:00', '2013-08-27 16:00:00', '2013-08-28 16:00:00', NULL),
(667, 656, '2010-07-01 23:00:00', '2010-07-26 23:00:00', '2010-08-01 23:00:00', NULL),
(668, 657, '2013-11-15 01:00:00', '2013-12-12 01:00:00', '2013-12-19 01:00:00', NULL),
(669, 657, '2012-09-30 23:00:00', '2012-10-19 23:00:00', '2012-10-22 23:00:00', NULL),
(670, 659, '2017-12-06 09:00:00', '2017-12-19 09:00:00', '2017-12-25 09:00:00', NULL),
(671, 660, '2014-04-05 12:00:00', '2014-04-24 12:00:00', '2014-04-30 12:00:00', NULL),
(672, 661, '2010-04-22 13:00:00', '2010-05-14 13:00:00', '2010-05-15 13:00:00', NULL),
(673, 661, '2011-01-22 19:00:00', '2011-01-28 19:00:00', '2011-02-01 19:00:00', '2011-01-25 19:00:00'),
(674, 663, '2017-06-03 09:00:00', '2017-06-16 09:00:00', '2017-06-21 09:00:00', NULL),
(675, 664, '2016-11-10 14:00:00', '2016-11-30 14:00:00', '2016-12-01 14:00:00', NULL),
(676, 664, '2010-05-11 19:00:00', '2010-05-17 19:00:00', '2010-05-23 19:00:00', NULL),
(677, 666, '2012-03-03 17:00:00', '2012-03-14 17:00:00', '2012-03-20 17:00:00', NULL),
(678, 668, '2017-12-23 04:00:00', '2018-01-02 04:00:00', '2018-01-04 04:00:00', NULL),
(679, 669, '2012-07-13 11:00:00', '2012-07-26 11:00:00', '2012-08-01 11:00:00', NULL),
(680, 669, '2011-03-09 12:00:00', '2011-04-03 12:00:00', '2011-04-04 12:00:00', NULL),
(681, 670, '2015-11-15 02:00:00', '2015-12-01 02:00:00', '2015-12-06 02:00:00', NULL),
(682, 672, '2015-06-16 17:00:00', '2015-07-02 17:00:00', '2015-07-09 17:00:00', NULL),
(683, 672, '2012-03-11 23:00:00', '2012-04-02 23:00:00', '2012-04-07 23:00:00', NULL),
(684, 673, '2012-04-11 16:00:00', '2012-04-24 16:00:00', '2012-04-30 16:00:00', NULL),
(685, 675, '2015-09-13 09:00:00', '2015-09-24 09:00:00', '2015-09-26 09:00:00', NULL),
(686, 675, '2018-08-29 19:00:00', '2018-09-06 19:00:00', '2018-09-07 19:00:00', NULL),
(687, 677, '2013-05-27 19:00:00', '2013-06-16 19:00:00', '2013-06-19 19:00:00', NULL),
(688, 677, '2011-01-05 08:00:00', '2011-01-31 08:00:00', '2011-02-02 08:00:00', NULL),
(689, 678, '2016-01-09 09:00:00', '2016-02-02 09:00:00', '2016-02-09 09:00:00', '2016-01-10 09:00:00'),
(690, 678, '2017-06-03 08:00:00', '2017-06-12 08:00:00', '2017-06-14 08:00:00', NULL),
(691, 679, '2015-04-13 18:00:00', '2015-05-05 18:00:00', '2015-05-12 18:00:00', NULL),
(692, 679, '2018-03-02 07:00:00', '2018-03-11 07:00:00', '2018-03-15 07:00:00', NULL),
(693, 680, '2011-04-26 18:00:00', '2011-05-03 18:00:00', '2011-05-09 18:00:00', NULL),
(694, 683, '2016-09-21 05:00:00', '2016-10-12 05:00:00', '2016-10-18 05:00:00', NULL),
(695, 685, '2015-01-11 14:00:00', '2015-01-24 14:00:00', '2015-01-31 14:00:00', NULL),
(696, 685, '2013-02-13 19:00:00', '2013-02-19 19:00:00', '2013-02-21 19:00:00', NULL),
(697, 688, '2013-09-15 23:00:00', '2013-10-15 23:00:00', '2013-10-17 23:00:00', NULL),
(698, 688, '2015-06-30 15:00:00', '2015-07-25 15:00:00', '2015-07-28 15:00:00', NULL),
(699, 689, '2015-03-18 19:00:00', '2015-03-31 19:00:00', '2015-04-02 19:00:00', NULL),
(700, 689, '2018-05-19 19:00:00', '2018-06-17 19:00:00', '2018-06-23 19:00:00', '2018-05-22 19:00:00'),
(701, 692, '2015-08-10 08:00:00', '2015-09-09 08:00:00', '2015-09-15 08:00:00', NULL),
(702, 694, '2013-09-28 00:00:00', '2013-10-04 00:00:00', '2013-10-06 00:00:00', NULL),
(703, 694, '2015-04-03 00:00:00', '2015-04-28 00:00:00', '2015-05-04 00:00:00', NULL),
(704, 695, '2014-03-31 08:00:00', '2014-04-10 08:00:00', '2014-04-14 08:00:00', '2014-04-02 08:00:00'),
(705, 695, '2015-07-03 07:00:00', '2015-07-29 07:00:00', '2015-08-05 07:00:00', '2015-07-04 07:00:00'),
(706, 696, '2017-05-30 23:00:00', '2017-06-19 23:00:00', '2017-06-23 23:00:00', NULL),
(707, 696, '2011-08-19 03:00:00', '2011-09-03 03:00:00', '2011-09-05 03:00:00', NULL),
(708, 697, '2010-01-09 18:00:00', '2010-02-06 18:00:00', '2010-02-13 18:00:00', NULL),
(709, 697, '2016-08-10 20:00:00', '2016-09-04 20:00:00', '2016-09-09 20:00:00', NULL),
(710, 700, '2014-11-06 01:00:00', '2014-11-20 01:00:00', '2014-11-23 01:00:00', NULL),
(711, 700, '2015-03-04 00:00:00', '2015-03-27 00:00:00', '2015-03-28 00:00:00', NULL),
(712, 701, '2017-01-10 09:00:00', '2017-01-28 09:00:00', '2017-01-31 09:00:00', NULL),
(713, 701, '2017-07-16 13:00:00', '2017-07-26 13:00:00', '2017-07-29 13:00:00', NULL),
(714, 702, '2017-01-13 21:00:00', '2017-01-25 21:00:00', '2017-01-27 21:00:00', NULL),
(715, 702, '2012-10-12 17:00:00', '2012-11-04 17:00:00', '2012-11-05 17:00:00', NULL),
(716, 704, '2018-02-24 21:00:00', '2018-03-16 21:00:00', '2018-03-17 21:00:00', '2018-02-26 21:00:00'),
(717, 705, '2011-11-11 11:00:00', '2011-12-02 11:00:00', '2011-12-09 11:00:00', NULL),
(718, 706, '2014-03-19 04:00:00', '2014-04-18 04:00:00', '2014-04-20 04:00:00', NULL),
(719, 707, '2013-05-03 20:00:00', '2013-05-22 20:00:00', '2013-05-23 20:00:00', NULL),
(720, 707, '2011-02-08 00:00:00', '2011-02-21 00:00:00', '2011-02-24 00:00:00', '2011-02-09 00:00:00'),
(721, 708, '2014-10-05 23:00:00', '2014-10-25 23:00:00', '2014-10-31 23:00:00', NULL),
(722, 710, '2010-05-14 20:00:00', '2010-05-17 20:00:00', '2010-05-19 20:00:00', NULL),
(723, 710, '2016-05-26 05:00:00', '2016-06-02 05:00:00', '2016-06-03 05:00:00', NULL),
(724, 711, '2017-12-18 06:00:00', '2017-12-28 06:00:00', '2018-01-04 06:00:00', '2017-12-21 06:00:00'),
(725, 715, '2016-08-02 13:00:00', '2016-08-24 13:00:00', '2016-08-30 13:00:00', NULL),
(726, 715, '2014-03-23 00:00:00', '2014-04-19 00:00:00', '2014-04-20 00:00:00', NULL),
(727, 717, '2018-06-28 13:00:00', '2018-07-27 13:00:00', '2018-07-30 13:00:00', '2018-07-01 13:00:00'),
(728, 717, '2012-01-24 04:00:00', '2012-01-27 04:00:00', '2012-02-02 04:00:00', '2012-01-26 04:00:00'),
(729, 719, '2018-07-16 05:00:00', '2018-08-04 05:00:00', '2018-08-10 05:00:00', NULL),
(730, 719, '2014-07-02 15:00:00', '2014-07-12 15:00:00', '2014-07-17 15:00:00', '2014-07-05 15:00:00'),
(731, 720, '2014-07-10 20:00:00', '2014-07-20 20:00:00', '2014-07-24 20:00:00', '2014-07-13 20:00:00'),
(732, 720, '2018-06-23 15:00:00', '2018-07-09 15:00:00', '2018-07-10 15:00:00', NULL),
(733, 721, '2016-01-19 19:00:00', '2016-02-03 19:00:00', '2016-02-04 19:00:00', NULL),
(734, 722, '2015-07-05 02:00:00', '2015-07-25 02:00:00', '2015-07-30 02:00:00', NULL),
(735, 723, '2010-12-03 13:00:00', '2010-12-21 13:00:00', '2010-12-27 13:00:00', NULL),
(736, 723, '2014-06-09 18:00:00', '2014-07-08 18:00:00', '2014-07-15 18:00:00', NULL),
(737, 726, '2014-06-20 08:00:00', '2014-07-12 08:00:00', '2014-07-16 08:00:00', NULL),
(738, 727, '2010-11-11 19:00:00', '2010-12-07 19:00:00', '2010-12-08 19:00:00', NULL),
(739, 729, '2011-04-04 14:00:00', '2011-04-18 14:00:00', '2011-04-21 14:00:00', NULL),
(740, 729, '2012-05-08 03:00:00', '2012-05-23 03:00:00', '2012-05-30 03:00:00', NULL),
(741, 730, '2015-12-29 22:00:00', '2016-01-02 22:00:00', '2016-01-06 22:00:00', NULL),
(742, 730, '2013-04-22 17:00:00', '2013-04-23 17:00:00', '2013-04-26 17:00:00', NULL),
(743, 731, '2016-12-12 11:00:00', '2016-12-27 11:00:00', '2016-12-31 11:00:00', NULL),
(744, 733, '2012-09-13 03:00:00', '2012-09-25 03:00:00', '2012-09-28 03:00:00', NULL),
(745, 733, '2012-02-04 21:00:00', '2012-02-13 21:00:00', '2012-02-20 21:00:00', NULL),
(746, 735, '2018-07-12 17:00:00', '2018-07-17 17:00:00', '2018-07-18 17:00:00', NULL),
(747, 736, '2017-09-20 16:00:00', '2017-10-09 16:00:00', '2017-10-14 16:00:00', NULL),
(748, 738, '2018-08-02 03:00:00', '2018-08-28 03:00:00', '2018-09-04 03:00:00', NULL),
(749, 738, '2014-12-12 22:00:00', '2014-12-24 22:00:00', '2014-12-25 22:00:00', NULL),
(750, 740, '2011-03-02 21:00:00', '2011-03-24 21:00:00', '2011-03-29 21:00:00', NULL),
(751, 740, '2015-05-08 04:00:00', '2015-05-21 04:00:00', '2015-05-28 04:00:00', NULL),
(752, 742, '2014-10-02 22:00:00', '2014-10-19 22:00:00', '2014-10-22 22:00:00', NULL),
(753, 742, '2014-03-16 08:00:00', '2014-04-15 08:00:00', '2014-04-18 08:00:00', '2014-03-17 08:00:00'),
(754, 743, '2018-04-07 19:00:00', '2018-04-28 19:00:00', '2018-05-01 19:00:00', NULL),
(755, 743, '2010-02-22 08:00:00', '2010-03-02 08:00:00', '2010-03-04 08:00:00', NULL),
(756, 744, '2011-04-20 16:00:00', '2011-05-06 16:00:00', '2011-05-13 16:00:00', NULL),
(757, 746, '2012-06-29 01:00:00', '2012-07-13 01:00:00', '2012-07-17 01:00:00', NULL),
(758, 748, '2015-06-19 22:00:00', '2015-07-12 22:00:00', '2015-07-19 22:00:00', NULL),
(759, 748, '2015-01-25 06:00:00', '2015-02-19 06:00:00', '2015-02-21 06:00:00', NULL),
(760, 749, '2018-06-07 05:00:00', '2018-06-21 05:00:00', '2018-06-27 05:00:00', NULL),
(761, 750, '2017-10-29 06:00:00', '2017-11-11 06:00:00', '2017-11-18 06:00:00', NULL),
(762, 750, '2014-06-11 18:00:00', '2014-07-02 18:00:00', '2014-07-04 18:00:00', NULL),
(763, 751, '2017-06-11 18:00:00', '2017-06-28 18:00:00', '2017-07-03 18:00:00', NULL),
(764, 752, '2015-06-27 04:00:00', '2015-07-24 04:00:00', '2015-07-31 04:00:00', NULL),
(765, 753, '2015-09-19 23:00:00', '2015-09-30 23:00:00', '2015-10-06 23:00:00', NULL),
(766, 753, '2018-07-13 12:00:00', '2018-08-05 12:00:00', '2018-08-11 12:00:00', '2018-07-14 12:00:00'),
(767, 754, '2018-06-08 16:00:00', '2018-06-28 16:00:00', '2018-06-30 16:00:00', NULL),
(768, 755, '2012-07-01 09:00:00', '2012-07-24 09:00:00', '2012-07-31 09:00:00', NULL),
(769, 755, '2014-05-31 18:00:00', '2014-06-05 18:00:00', '2014-06-09 18:00:00', '2014-06-01 18:00:00'),
(770, 757, '2016-08-17 06:00:00', '2016-08-28 06:00:00', '2016-08-31 06:00:00', NULL),
(771, 757, '2011-01-19 06:00:00', '2011-02-18 06:00:00', '2011-02-22 06:00:00', NULL),
(772, 758, '2015-12-20 15:00:00', '2016-01-07 15:00:00', '2016-01-08 15:00:00', NULL),
(773, 758, '2012-03-09 08:00:00', '2012-03-25 08:00:00', '2012-03-29 08:00:00', NULL),
(774, 760, '2016-10-17 22:00:00', '2016-10-23 22:00:00', '2016-10-29 22:00:00', NULL),
(775, 760, '2014-06-14 20:00:00', '2014-06-18 20:00:00', '2014-06-23 20:00:00', NULL),
(776, 761, '2010-09-25 15:00:00', '2010-10-23 15:00:00', '2010-10-26 15:00:00', NULL),
(777, 761, '2014-04-10 07:00:00', '2014-04-17 07:00:00', '2014-04-21 07:00:00', '2014-04-13 07:00:00'),
(778, 762, '2018-11-10 13:00:00', '2018-11-13 13:00:00', '2018-11-20 13:00:00', NULL),
(779, 764, '2017-05-30 17:00:00', '2017-06-27 17:00:00', '2017-06-29 17:00:00', '2017-06-02 17:00:00'),
(780, 766, '2012-04-09 07:00:00', '2012-05-03 07:00:00', '2012-05-04 07:00:00', NULL),
(781, 766, '2013-05-27 23:00:00', '2013-05-29 23:00:00', '2013-06-04 23:00:00', NULL),
(782, 768, '2012-05-19 15:00:00', '2012-06-14 15:00:00', '2012-06-21 15:00:00', NULL),
(783, 770, '2015-03-08 16:00:00', '2015-03-11 16:00:00', '2015-03-17 16:00:00', NULL),
(784, 772, '2011-08-09 01:00:00', '2011-09-04 01:00:00', '2011-09-05 01:00:00', NULL),
(785, 772, '2016-05-13 10:00:00', '2016-06-07 10:00:00', '2016-06-09 10:00:00', NULL),
(786, 774, '2011-07-26 12:00:00', '2011-08-19 12:00:00', '2011-08-22 12:00:00', '2011-07-27 12:00:00'),
(787, 775, '2018-04-04 06:00:00', '2018-04-09 06:00:00', '2018-04-12 06:00:00', NULL),
(788, 776, '2012-09-09 12:00:00', '2012-09-23 12:00:00', '2012-09-29 12:00:00', '2012-09-12 12:00:00'),
(789, 776, '2018-03-10 17:00:00', '2018-04-03 17:00:00', '2018-04-04 17:00:00', NULL),
(790, 777, '2015-07-14 16:00:00', '2015-08-08 16:00:00', '2015-08-12 16:00:00', '2015-07-16 16:00:00'),
(791, 778, '2014-01-15 03:00:00', '2014-02-02 03:00:00', '2014-02-07 03:00:00', NULL),
(792, 778, '2015-02-04 11:00:00', '2015-02-10 11:00:00', '2015-02-15 11:00:00', NULL),
(793, 780, '2011-10-26 11:00:00', '2011-10-28 11:00:00', '2011-11-03 11:00:00', NULL),
(794, 780, '2012-01-08 05:00:00', '2012-01-24 05:00:00', '2012-01-26 05:00:00', NULL),
(795, 781, '2010-12-05 09:00:00', '2010-12-25 09:00:00', '2010-12-27 09:00:00', NULL),
(796, 782, '2016-05-19 12:00:00', '2016-05-30 12:00:00', '2016-06-01 12:00:00', NULL),
(797, 783, '2010-02-27 20:00:00', '2010-03-10 20:00:00', '2010-03-13 20:00:00', NULL),
(798, 784, '2017-08-20 19:00:00', '2017-09-09 19:00:00', '2017-09-10 19:00:00', NULL),
(799, 786, '2018-10-10 06:00:00', '2018-11-05 06:00:00', '2018-11-12 06:00:00', NULL),
(800, 786, '2014-11-30 09:00:00', '2014-12-16 09:00:00', '2014-12-19 09:00:00', NULL),
(801, 787, '2011-11-24 23:00:00', '2011-11-26 23:00:00', '2011-11-30 23:00:00', NULL),
(802, 787, '2018-09-11 06:00:00', '2018-10-01 06:00:00', '2018-10-06 06:00:00', NULL),
(803, 788, '2010-07-31 05:00:00', '2010-08-27 05:00:00', '2010-09-03 05:00:00', '2010-08-01 05:00:00'),
(804, 788, '2012-10-11 01:00:00', '2012-10-24 01:00:00', '2012-10-31 01:00:00', NULL),
(805, 789, '2012-09-10 14:00:00', '2012-10-05 14:00:00', '2012-10-06 14:00:00', NULL),
(806, 791, '2011-08-30 06:00:00', '2011-09-19 06:00:00', '2011-09-25 06:00:00', NULL),
(807, 792, '2011-02-20 20:00:00', '2011-03-20 20:00:00', '2011-03-25 20:00:00', NULL),
(808, 792, '2012-06-03 20:00:00', '2012-06-08 20:00:00', '2012-06-11 20:00:00', NULL),
(809, 793, '2013-01-01 11:00:00', '2013-01-22 11:00:00', '2013-01-28 11:00:00', NULL),
(810, 793, '2011-05-19 19:00:00', '2011-06-08 19:00:00', '2011-06-11 19:00:00', NULL),
(811, 794, '2014-06-28 03:00:00', '2014-07-04 03:00:00', '2014-07-10 03:00:00', NULL),
(812, 796, '2013-06-07 00:00:00', '2013-06-15 00:00:00', '2013-06-17 00:00:00', NULL),
(813, 798, '2010-10-05 05:00:00', '2010-11-04 05:00:00', '2010-11-08 05:00:00', NULL),
(814, 798, '2011-08-05 12:00:00', '2011-09-01 12:00:00', '2011-09-04 12:00:00', '2011-08-06 12:00:00'),
(815, 799, '2010-07-22 21:00:00', '2010-08-13 21:00:00', '2010-08-20 21:00:00', NULL),
(816, 801, '2015-11-18 22:00:00', '2015-12-04 22:00:00', '2015-12-09 22:00:00', NULL),
(817, 801, '2010-07-21 00:00:00', '2010-07-29 00:00:00', '2010-08-04 00:00:00', NULL),
(818, 802, '2014-04-01 15:00:00', '2014-04-05 15:00:00', '2014-04-07 15:00:00', NULL),
(819, 802, '2016-09-14 07:00:00', '2016-09-23 07:00:00', '2016-09-30 07:00:00', NULL),
(820, 803, '2011-04-16 23:00:00', '2011-05-11 23:00:00', '2011-05-12 23:00:00', NULL),
(821, 803, '2012-07-06 21:00:00', '2012-07-12 21:00:00', '2012-07-14 21:00:00', NULL),
(822, 804, '2013-09-03 19:00:00', '2013-10-02 19:00:00', '2013-10-09 19:00:00', '2013-09-04 19:00:00'),
(823, 804, '2015-05-04 07:00:00', '2015-06-01 07:00:00', '2015-06-07 07:00:00', NULL),
(824, 805, '2017-08-14 06:00:00', '2017-08-31 06:00:00', '2017-09-04 06:00:00', NULL),
(825, 807, '2011-01-29 15:00:00', '2011-02-25 15:00:00', '2011-03-02 15:00:00', NULL),
(826, 807, '2010-04-14 04:00:00', '2010-04-30 04:00:00', '2010-05-01 04:00:00', NULL),
(827, 808, '2018-08-07 10:00:00', '2018-08-29 10:00:00', '2018-09-04 10:00:00', NULL),
(828, 809, '2014-10-02 07:00:00', '2014-10-30 07:00:00', '2014-11-02 07:00:00', NULL),
(829, 810, '2014-03-15 04:00:00', '2014-03-30 04:00:00', '2014-04-05 04:00:00', '2014-03-16 04:00:00'),
(830, 810, '2012-02-11 22:00:00', '2012-02-19 22:00:00', '2012-02-22 22:00:00', NULL),
(831, 812, '2017-01-11 15:00:00', '2017-01-29 15:00:00', '2017-01-31 15:00:00', NULL),
(832, 813, '2017-08-08 21:00:00', '2017-08-14 21:00:00', '2017-08-19 21:00:00', NULL),
(833, 814, '2018-11-05 18:00:00', '2018-11-14 18:00:00', '2018-11-19 18:00:00', NULL),
(834, 814, '2017-03-03 23:00:00', '2017-03-29 23:00:00', '2017-04-01 23:00:00', NULL),
(835, 815, '2016-03-15 18:00:00', '2016-03-20 18:00:00', '2016-03-25 18:00:00', NULL),
(836, 817, '2015-04-23 01:00:00', '2015-05-11 01:00:00', '2015-05-17 01:00:00', NULL),
(837, 818, '2016-03-07 12:00:00', '2016-03-23 12:00:00', '2016-03-27 12:00:00', NULL),
(838, 819, '2011-01-22 16:00:00', '2011-01-27 16:00:00', '2011-01-31 16:00:00', NULL),
(839, 819, '2015-02-14 00:00:00', '2015-02-23 00:00:00', '2015-03-02 00:00:00', NULL),
(840, 822, '2015-01-03 21:00:00', '2015-01-22 21:00:00', '2015-01-24 21:00:00', NULL),
(841, 822, '2013-02-12 22:00:00', '2013-03-14 22:00:00', '2013-03-18 22:00:00', '2013-02-15 22:00:00'),
(842, 823, '2014-02-12 22:00:00', '2014-02-23 22:00:00', '2014-02-24 22:00:00', NULL),
(843, 824, '2013-12-12 16:00:00', '2013-12-16 16:00:00', '2013-12-19 16:00:00', NULL),
(844, 824, '2011-09-13 12:00:00', '2011-10-05 12:00:00', '2011-10-11 12:00:00', NULL),
(845, 827, '2016-06-27 06:00:00', '2016-07-18 06:00:00', '2016-07-19 06:00:00', NULL),
(846, 827, '2016-09-06 16:00:00', '2016-09-11 16:00:00', '2016-09-15 16:00:00', NULL),
(847, 829, '2015-03-22 01:00:00', '2015-03-26 01:00:00', '2015-03-28 01:00:00', '2015-03-25 01:00:00'),
(848, 829, '2012-01-24 05:00:00', '2012-02-06 05:00:00', '2012-02-11 05:00:00', NULL),
(849, 830, '2014-01-28 23:00:00', '2014-01-31 23:00:00', '2014-02-07 23:00:00', '2014-01-30 23:00:00'),
(850, 831, '2013-11-17 05:00:00', '2013-12-02 05:00:00', '2013-12-05 05:00:00', '2013-11-19 05:00:00'),
(851, 833, '2013-10-09 03:00:00', '2013-10-29 03:00:00', '2013-10-30 03:00:00', '2013-10-12 03:00:00'),
(852, 833, '2010-05-03 14:00:00', '2010-05-22 14:00:00', '2010-05-26 14:00:00', NULL),
(853, 835, '2010-01-15 11:00:00', '2010-01-28 11:00:00', '2010-01-30 11:00:00', NULL),
(854, 835, '2011-06-28 02:00:00', '2011-07-19 02:00:00', '2011-07-25 02:00:00', NULL),
(855, 836, '2018-07-12 10:00:00', '2018-08-04 10:00:00', '2018-08-11 10:00:00', NULL),
(856, 837, '2013-04-12 12:00:00', '2013-05-01 12:00:00', '2013-05-08 12:00:00', NULL),
(857, 838, '2015-05-03 16:00:00', '2015-05-20 16:00:00', '2015-05-26 16:00:00', NULL),
(858, 839, '2011-01-13 10:00:00', '2011-02-01 10:00:00', '2011-02-07 10:00:00', NULL),
(859, 841, '2015-11-28 01:00:00', '2015-12-09 01:00:00', '2015-12-13 01:00:00', NULL),
(860, 841, '2014-11-04 04:00:00', '2014-11-05 04:00:00', '2014-11-10 04:00:00', NULL),
(861, 842, '2013-02-06 23:00:00', '2013-03-03 23:00:00', '2013-03-05 23:00:00', NULL),
(862, 843, '2011-10-17 03:00:00', '2011-10-23 03:00:00', '2011-10-27 03:00:00', NULL),
(863, 844, '2015-07-08 23:00:00', '2015-08-05 23:00:00', '2015-08-08 23:00:00', NULL),
(864, 845, '2012-09-15 01:00:00', '2012-10-02 01:00:00', '2012-10-06 01:00:00', NULL),
(865, 846, '2012-01-24 16:00:00', '2012-01-31 16:00:00', '2012-02-03 16:00:00', NULL),
(866, 847, '2015-08-22 20:00:00', '2015-09-10 20:00:00', '2015-09-17 20:00:00', '2015-08-23 20:00:00'),
(867, 848, '2011-12-24 19:00:00', '2011-12-30 19:00:00', '2011-12-31 19:00:00', NULL),
(868, 850, '2014-12-28 15:00:00', '2015-01-14 15:00:00', '2015-01-15 15:00:00', NULL),
(869, 851, '2014-03-19 17:00:00', '2014-04-06 17:00:00', '2014-04-11 17:00:00', NULL),
(870, 851, '2017-06-07 19:00:00', '2017-06-09 19:00:00', '2017-06-11 19:00:00', NULL),
(871, 852, '2013-11-19 19:00:00', '2013-12-18 19:00:00', '2013-12-25 19:00:00', NULL),
(872, 853, '2014-10-31 05:00:00', '2014-11-01 05:00:00', '2014-11-02 05:00:00', NULL),
(873, 854, '2011-11-24 01:00:00', '2011-12-14 01:00:00', '2011-12-15 01:00:00', NULL),
(874, 854, '2015-07-22 16:00:00', '2015-08-05 16:00:00', '2015-08-10 16:00:00', NULL),
(875, 855, '2014-06-11 09:00:00', '2014-07-04 09:00:00', '2014-07-06 09:00:00', NULL),
(876, 855, '2015-02-02 09:00:00', '2015-02-19 09:00:00', '2015-02-25 09:00:00', NULL),
(877, 856, '2016-09-07 02:00:00', '2016-10-03 02:00:00', '2016-10-08 02:00:00', NULL),
(878, 856, '2010-06-19 03:00:00', '2010-07-08 03:00:00', '2010-07-15 03:00:00', NULL),
(879, 857, '2010-05-12 11:00:00', '2010-05-22 11:00:00', '2010-05-29 11:00:00', NULL),
(880, 857, '2018-08-18 13:00:00', '2018-09-03 13:00:00', '2018-09-09 13:00:00', NULL),
(881, 860, '2011-01-09 05:00:00', '2011-01-21 05:00:00', '2011-01-28 05:00:00', NULL),
(882, 860, '2010-03-12 03:00:00', '2010-03-28 03:00:00', '2010-04-03 03:00:00', NULL),
(883, 861, '2015-01-13 02:00:00', '2015-01-16 02:00:00', '2015-01-22 02:00:00', NULL),
(884, 862, '2013-06-21 20:00:00', '2013-07-04 20:00:00', '2013-07-08 20:00:00', NULL),
(885, 862, '2010-08-27 22:00:00', '2010-09-03 22:00:00', '2010-09-08 22:00:00', NULL),
(886, 864, '2010-01-22 12:00:00', '2010-02-01 12:00:00', '2010-02-05 12:00:00', NULL),
(887, 865, '2018-06-24 19:00:00', '2018-07-12 19:00:00', '2018-07-15 19:00:00', NULL),
(888, 865, '2017-06-28 17:00:00', '2017-07-14 17:00:00', '2017-07-19 17:00:00', '2017-07-01 17:00:00'),
(889, 867, '2014-02-04 21:00:00', '2014-02-10 21:00:00', '2014-02-17 21:00:00', NULL),
(890, 867, '2014-11-02 12:00:00', '2014-11-27 12:00:00', '2014-11-28 12:00:00', NULL),
(891, 868, '2015-09-06 02:00:00', '2015-09-18 02:00:00', '2015-09-19 02:00:00', NULL),
(892, 870, '2015-01-28 20:00:00', '2015-02-17 20:00:00', '2015-02-18 20:00:00', NULL),
(893, 871, '2012-04-11 22:00:00', '2012-04-19 22:00:00', '2012-04-21 22:00:00', NULL),
(894, 871, '2010-09-16 08:00:00', '2010-09-20 08:00:00', '2010-09-27 08:00:00', NULL),
(895, 872, '2016-01-14 22:00:00', '2016-02-01 22:00:00', '2016-02-06 22:00:00', NULL),
(896, 872, '2011-01-04 20:00:00', '2011-01-29 20:00:00', '2011-01-31 20:00:00', NULL),
(897, 874, '2011-06-01 22:00:00', '2011-06-30 22:00:00', '2011-07-02 22:00:00', NULL),
(898, 874, '2014-08-20 01:00:00', '2014-09-12 01:00:00', '2014-09-19 01:00:00', '2014-08-22 01:00:00'),
(899, 875, '2013-03-13 05:00:00', '2013-04-06 05:00:00', '2013-04-09 05:00:00', NULL),
(900, 875, '2012-10-21 11:00:00', '2012-11-18 11:00:00', '2012-11-21 11:00:00', NULL),
(901, 877, '2015-11-03 05:00:00', '2015-11-26 05:00:00', '2015-11-28 05:00:00', NULL),
(902, 878, '2014-05-03 09:00:00', '2014-05-04 09:00:00', '2014-05-11 09:00:00', '2014-05-05 09:00:00'),
(903, 881, '2014-12-24 18:00:00', '2015-01-12 18:00:00', '2015-01-17 18:00:00', NULL),
(904, 883, '2015-07-11 05:00:00', '2015-07-23 05:00:00', '2015-07-24 05:00:00', NULL),
(905, 885, '2012-01-01 08:00:00', '2012-01-14 08:00:00', '2012-01-19 08:00:00', NULL),
(906, 885, '2016-11-04 19:00:00', '2016-11-16 19:00:00', '2016-11-23 19:00:00', '2016-11-07 19:00:00'),
(907, 886, '2016-08-04 19:00:00', '2016-08-19 19:00:00', '2016-08-23 19:00:00', NULL),
(908, 888, '2013-02-14 02:00:00', '2013-02-21 02:00:00', '2013-02-27 02:00:00', NULL),
(909, 888, '2017-07-08 18:00:00', '2017-07-20 18:00:00', '2017-07-22 18:00:00', NULL),
(910, 889, '2014-11-13 05:00:00', '2014-11-23 05:00:00', '2014-11-25 05:00:00', NULL),
(911, 889, '2014-10-27 08:00:00', '2014-11-14 08:00:00', '2014-11-18 08:00:00', '2014-10-28 08:00:00'),
(912, 892, '2015-02-16 05:00:00', '2015-03-13 05:00:00', '2015-03-17 05:00:00', NULL),
(913, 892, '2016-01-26 07:00:00', '2016-02-11 07:00:00', '2016-02-13 07:00:00', NULL),
(914, 893, '2011-08-30 22:00:00', '2011-09-27 22:00:00', '2011-10-03 22:00:00', NULL),
(915, 894, '2012-11-29 07:00:00', '2012-12-01 07:00:00', '2012-12-03 07:00:00', NULL),
(916, 895, '2014-12-15 20:00:00', '2015-01-14 20:00:00', '2015-01-20 20:00:00', NULL),
(917, 896, '2018-08-22 07:00:00', '2018-09-11 07:00:00', '2018-09-17 07:00:00', NULL),
(918, 899, '2011-12-04 05:00:00', '2011-12-24 05:00:00', '2011-12-25 05:00:00', NULL),
(919, 899, '2014-03-09 07:00:00', '2014-03-23 07:00:00', '2014-03-27 07:00:00', NULL),
(920, 900, '2014-10-06 14:00:00', '2014-11-05 14:00:00', '2014-11-08 14:00:00', NULL),
(921, 902, '2011-12-09 18:00:00', '2012-01-05 18:00:00', '2012-01-07 18:00:00', NULL),
(922, 902, '2010-06-28 23:00:00', '2010-07-27 23:00:00', '2010-07-31 23:00:00', NULL),
(923, 903, '2012-12-09 03:00:00', '2012-12-15 03:00:00', '2012-12-18 03:00:00', NULL),
(924, 905, '2015-02-08 22:00:00', '2015-03-04 22:00:00', '2015-03-06 22:00:00', NULL),
(925, 905, '2017-03-05 12:00:00', '2017-03-18 12:00:00', '2017-03-19 12:00:00', NULL),
(926, 906, '2013-09-15 15:00:00', '2013-09-22 15:00:00', '2013-09-23 15:00:00', NULL),
(927, 906, '2014-05-24 22:00:00', '2014-06-16 22:00:00', '2014-06-17 22:00:00', NULL),
(928, 907, '2013-01-16 09:00:00', '2013-02-07 09:00:00', '2013-02-09 09:00:00', NULL),
(929, 907, '2016-05-27 18:00:00', '2016-06-20 18:00:00', '2016-06-25 18:00:00', NULL),
(930, 908, '2014-04-10 11:00:00', '2014-05-10 11:00:00', '2014-05-17 11:00:00', NULL),
(931, 908, '2015-11-09 20:00:00', '2015-11-26 20:00:00', '2015-11-27 20:00:00', '2015-11-11 20:00:00'),
(932, 909, '2013-05-13 09:00:00', '2013-05-16 09:00:00', '2013-05-23 09:00:00', NULL),
(933, 910, '2014-03-03 01:00:00', '2014-04-01 01:00:00', '2014-04-05 01:00:00', NULL),
(934, 910, '2018-03-30 01:00:00', '2018-04-27 01:00:00', '2018-05-01 01:00:00', NULL),
(935, 911, '2016-08-28 12:00:00', '2016-09-17 12:00:00', '2016-09-18 12:00:00', NULL),
(936, 911, '2011-06-10 17:00:00', '2011-07-05 17:00:00', '2011-07-10 17:00:00', NULL),
(937, 912, '2011-06-09 04:00:00', '2011-06-25 04:00:00', '2011-06-30 04:00:00', '2011-06-10 04:00:00'),
(938, 912, '2011-09-10 12:00:00', '2011-09-29 12:00:00', '2011-10-01 12:00:00', NULL),
(939, 913, '2011-10-15 23:00:00', '2011-10-31 23:00:00', '2011-11-02 23:00:00', NULL),
(940, 916, '2014-12-31 22:00:00', '2015-01-12 22:00:00', '2015-01-13 22:00:00', '2015-01-03 22:00:00'),
(941, 916, '2014-07-01 21:00:00', '2014-07-04 21:00:00', '2014-07-11 21:00:00', NULL)

SET IDENTITY_INSERT Trips OFF;

--INSERT Accounts
SET IDENTITY_INSERT Accounts ON;

INSERT INTO Accounts (Id, FirstName, MiddleName, LastName, CityId, BirthDate, Email) VALUES
(1, 'Ramona', 'Harmony', 'Petrishchev', 52, '1975-07-21 08:00:00', 'r_petrishchev@gmail.com'),
(2, 'Marney', NULL, 'Ximenez', 64, '1978-05-16 17:00:00', 'm_ximenez@mail.com'),
(3, 'Sayre', 'Adina', 'Siddall', 54, '1975-12-10 17:00:00', 's_siddall@softuni.bg'),
(4, 'Daron', 'Fina', 'Buckland', 43, '1976-06-01 00:00:00', 'd_buckland@outlook.com'),
(5, 'Orelee', 'Nata', 'Binne', 12, '1988-09-22 14:00:00', 'o_binne@hotmail.com'),
(6, 'Ibbie', 'Nert', 'Dadson', 65, '1981-03-29 02:00:00', 'i_dadson@yahoo.com'),
(7, 'Lonnard', 'Hali', 'Butterworth', 68, '1981-08-13 10:00:00', 'l_butterworth@yahoo.com'),
(8, 'Katya', 'Markus', 'Rudsdell', 74, '1978-03-01 11:00:00', 'k_rudsdell@mail.com'),
(9, 'Quentin', 'Alexandr', 'Rowly', 21, '1975-08-07 06:00:00', 'q_rowly@yahoo.com'),
(10, 'Zonda', 'Lorens', 'Kinner', 2, '1981-09-15 11:00:00', 'z_kinner@hotmail.com'),
(11, 'Ranee', 'Kassey', 'Commucci', 36, '1979-10-13 03:00:00', 'r_commucci@softuni.bg'),
(12, 'Correy', 'Nicolle', 'Ambrosoni', 76, '1983-07-29 10:00:00', 'c_ambrosoni@mail.com'),
(13, 'Salomon', 'Halli', 'Matisoff', 59, '1990-04-03 13:00:00', 's_matisoff@softuni.bg'),
(14, 'Trix', 'Thom', 'Ludwikiewicz', 15, '1978-03-09 07:00:00', 't_ludwikiewicz@outlook.com'),
(15, 'Claudia', 'Keely', 'Lotze', 73, '1994-04-28 11:00:00', 'c_lotze@mail.com'),
(16, 'Carlita', NULL, 'Moir', 1, '1978-07-08 12:00:00', 'c_moir@softuni.bg'),
(17, 'Vergil', 'Tanhya', 'Greville', 29, '1984-01-31 03:00:00', 'v_greville@softuni.bg'),
(18, 'Salomi', 'Chan', 'Bengtsson', 33, '1992-12-21 21:00:00', 's_bengtsson@hotmail.com'),
(19, 'Marleen', 'Kahlil', 'Stango', 4, '1978-10-11 12:00:00', 'm_stango@yahoo.com'),
(20, 'Lezley', 'Evyn', 'Puzey', 22, '1977-07-21 21:00:00', 'l_puzey@softuni.bg'),
(21, 'Junia', 'Jerald', 'Phelipeau', 33, '1993-12-10 23:00:00', 'j_phelipeau@outlook.com'),
(22, 'Sonja', 'Brina', 'Gjerde', 42, '1993-06-23 12:00:00', 's_gjerde@mail.com'),
(23, 'Arnuad', 'Caitrin', 'Collcutt', 5, '1976-03-27 20:00:00', 'a_collcutt@softuni.bg'),
(24, 'Marylee', 'Daniella', 'Manis', 76, '1991-05-18 10:00:00', 'm_manis@yahoo.com'),
(25, 'Jerome', 'Steffen', 'Quade', 12, '1984-02-02 17:00:00', 'j_quade@outlook.com'),
(26, 'Jayme', 'Kevyn', 'Skynner', 14, '1990-12-29 08:00:00', 'j_skynner@gmail.com'),
(27, 'Nealson', 'Waiter', 'Villalta', 65, '1994-11-30 21:00:00', 'n_villalta@gmail.com'),
(28, 'Adah', 'Douglass', 'Lathaye', 6, '1984-08-24 00:00:00', 'a_lathaye@hotmail.com'),
(29, 'Margaretha', 'Leodora', 'Kibel', 46, '1975-07-17 14:00:00', 'm_kibel@softuni.bg'),
(30, 'Mar', 'Nick', 'McCluney', 69, '1993-10-14 01:00:00', 'm_mccluney@mail.com'),
(31, 'Morley', 'Marissa', 'Thomkins', 25, '1986-08-15 11:00:00', 'm_thomkins@hotmail.com'),
(32, 'Amitie', 'Consalve', 'Roskell', 3, '1985-07-17 23:00:00', 'a_roskell@softuni.bg'),
(33, 'Marv', 'Minerva', 'Gianelli', 62, '1975-09-27 01:00:00', 'm_gianelli@softuni.bg'),
(34, 'Yvon', 'Madella', 'Mitkcov', 38, '1989-05-27 16:00:00', 'y_mitkcov@softuni.bg'),
(35, 'Antoinette', 'Paloma', 'McCurtain', 16, '1980-11-20 15:00:00', 'a_mccurtain@softuni.bg'),
(36, 'Sayres', 'Anton', 'Pinke', 9, '1981-04-02 21:00:00', 's_pinke@softuni.bg'),
(37, 'Eward', 'Arvin', 'Prigg', 10, '1982-12-10 06:00:00', 'e_prigg@gmail.com'),
(38, 'Catlee', 'Nathaniel', 'Lathaye', 68, '1976-10-05 00:00:00', 'c_lathaye@gmail.com'),
(39, 'Cathryn', 'Heath', 'Mitchel', 36, '1986-10-13 19:00:00', 'c_mitchel@softuni.bg'),
(40, 'Winna', NULL, 'Maisey', 31, '1987-05-13 16:00:00', 'w_maisey@outlook.com'),
(41, 'Darell', 'Ario', 'Rackley', 66, '1984-06-17 14:00:00', 'd_rackley@mail.com'),
(42, 'Grier', 'Mada', 'Stains', 14, '1980-11-28 15:00:00', 'g_stains@yahoo.com'),
(43, 'Doria', 'Kahlil', 'Glew', 1, '1990-04-25 01:00:00', 'd_glew@yahoo.com'),
(44, 'Yard', 'Lambert', 'Branney', 69, '1992-11-15 20:00:00', 'y_branney@outlook.com'),
(45, 'Barnard', 'Gertrud', 'Lernihan', 32, '1984-07-31 00:00:00', 'b_lernihan@yahoo.com'),
(46, 'Becky', 'Andrea', 'Dineen', 24, '1990-04-08 11:00:00', 'b_dineen@outlook.com'),
(47, 'Evvie', NULL, 'Covolini', 38, '1979-01-11 04:00:00', 'e_covolini@softuni.bg'),
(48, 'Norbie', 'Martguerita', 'Revitt', 30, '1983-05-22 13:00:00', 'n_revitt@softuni.bg'),
(49, 'Vilhelmina', 'Orrin', 'Eyam', 39, '1990-05-12 13:00:00', 'v_eyam@mail.com'),
(50, 'Twila', 'Elfreda', 'Joules', 39, '1988-07-29 22:00:00', 't_joules@mail.com'),
(51, 'Anstice', 'Friederike', 'Buttel', 47, '1985-11-28 16:00:00', 'a_buttel@outlook.com'),
(52, 'Jerome', 'Dena', 'Albon', 11, '1985-01-12 16:00:00', 'j_albon@outlook.com'),
(53, 'Jourdan', 'Marketa', 'Fawcitt', 15, '1994-09-23 13:00:00', 'j_fawcitt@softuni.bg'),
(54, 'Hermina', 'Brandais', 'Pleming', 16, '1980-10-22 17:00:00', 'h_pleming@mail.com'),
(55, 'Modestia', 'Armstrong', 'Water', 64, '1975-04-11 00:00:00', 'm_water@hotmail.com'),
(56, 'Tillie', NULL, 'Windress', 18, '1977-07-14 03:00:00', 't_windress@gmail.com'),
(57, 'Eadith', NULL, 'Gull', 12, '1983-03-03 11:00:00', 'e_gull@outlook.com'),
(58, 'Renaldo', 'Nick', 'Oene', 76, '1990-05-07 11:00:00', 'r_oene@gmail.com'),
(59, 'Zelig', 'Ezechiel', 'Decourt', 8, '1988-06-10 04:00:00', 'z_decourt@yahoo.com'),
(60, 'Townsend', 'Oralle', 'Portlock', 36, '1988-05-16 04:00:00', 't_portlock@mail.com'),
(61, 'Julianne', 'Madalyn', 'Gaitone', 46, '1989-03-15 18:00:00', 'j_gaitone@yahoo.com'),
(62, 'Ky', 'Orelee', 'Seaman', 33, '1979-05-05 09:00:00', 'k_seaman@hotmail.com'),
(63, 'Allissa', 'Rickey', 'Gigg', 49, '1991-11-27 11:00:00', 'a_gigg@gmail.com'),
(64, 'Edgardo', 'Alexis', 'Slessar', 21, '1983-12-29 07:00:00', 'e_slessar@outlook.com'),
(65, 'Camey', 'Carmon', 'Beviss', 6, '1990-04-03 07:00:00', 'c_beviss@yahoo.com'),
(66, 'Sargent', NULL, 'Rockhall', 2, '1984-08-01 06:00:00', 's_rockhall@yahoo.com'),
(67, 'Grier', 'Karil', 'De', 14, '1990-01-31 23:00:00', 'g_de@softuni.bg'),
(68, 'Mahmud', 'Nana', 'Allen', 31, '1978-04-19 15:00:00', 'm_allen@yahoo.com'),
(69, 'Jerome', NULL, 'Flory', 38, '1987-11-04 05:00:00', 'j_flory@hotmail.com'),
(70, 'Gregoor', 'Jack', 'McClenan', 34, '1979-01-30 06:00:00', 'g_mcclenan@hotmail.com'),
(71, 'Palm', NULL, 'Van', 10, '1994-05-06 22:00:00', 'p_van@mail.com'),
(72, 'Cristiano', 'Melli', 'Gingles', 47, '1991-10-21 05:00:00', 'c_gingles@mail.com'),
(73, 'Junia', 'Dana', 'Mugleston', 58, '1991-10-22 16:00:00', 'j_mugleston@gmail.com'),
(74, 'Flory', 'Illa', 'Ebbings', 76, '1985-06-28 20:00:00', 'f_ebbings@mail.com'),
(75, 'Angela', 'Lemmie', 'Gaitone', 11, '1978-11-15 18:00:00', 'a_gaitone@gmail.com'),
(76, 'Winona', 'Virge', 'Prugel', 62, '1979-01-16 19:00:00', 'w_prugel@hotmail.com'),
(77, 'Torr', 'Hayward', 'Costin', 42, '1983-02-20 21:00:00', 't_costin@softuni.bg'),
(78, 'Krystyna', 'Donni', 'Lording', 34, '1990-10-20 02:00:00', 'k_lording@hotmail.com'),
(79, 'Olly', 'Nikos', 'Lionel', 12, '1976-07-10 07:00:00', 'o_lionel@hotmail.com'),
(80, 'Andie', 'Ignazio', 'Flucks', 50, '1983-07-22 10:00:00', 'a_flucks@gmail.com'),
(81, 'Townsend', 'Scarlet', 'Howship', 1, '1979-01-12 00:00:00', 't_howship@gmail.com'),
(82, 'Pippy', 'Boycey', 'Shepherd', 38, '1992-08-31 15:00:00', 'p_shepherd@mail.com'),
(83, 'Xever', 'Leoine', 'Santi', 76, '1994-12-07 04:00:00', 'x_santi@gmail.com'),
(84, 'Felita', 'Gino', 'Deniske', 9, '1986-08-28 05:00:00', 'f_deniske@gmail.com'),
(85, 'Corty', 'Derk', 'Linscott', 16, '1989-01-01 04:00:00', 'c_linscott@outlook.com'),
(86, 'Jeni', 'Steffen', 'Wikey', 58, '1980-06-02 05:00:00', 'j_wikey@outlook.com'),
(87, 'Thalia', 'Chelsae', 'Buddell', 5, '1975-08-07 07:00:00', 't_buddell@mail.com'),
(88, 'Merry', 'Marylynne', 'Scawn', 46, '1979-07-14 11:00:00', 'm_scawn@outlook.com'),
(89, 'Krisha', 'Eadith', 'Walkden', 44, '1984-01-28 22:00:00', 'k_walkden@outlook.com'),
(90, 'Astrid', 'Tory', 'Pyatt', 8, '1979-08-03 09:00:00', 'a_pyatt@yahoo.com'),
(91, 'Lindsey', NULL, 'Westrip', 33, '1991-06-09 00:00:00', 'l_westrip@outlook.com'),
(92, 'Jeana', 'Fransisco', 'Stiven', 35, '1980-01-07 00:00:00', 'j_stiven@mail.com'),
(93, 'Cati', NULL, 'Buckland', 39, '1984-08-08 04:00:00', 'c_buckland@gmail.com'),
(94, 'Jeanelle', 'Ranee', 'Tully', 3, '1983-06-30 03:00:00', 'j_tully@softuni.bg'),
(95, 'Jayme', NULL, 'Paniman', 39, '1993-12-26 23:00:00', 'j_paniman@mail.com'),
(96, 'Nicolle', 'Lonnard', 'Downie', 49, '1979-01-03 09:00:00', 'n_downie@outlook.com'),
(97, 'Lanae', NULL, 'Studeart', 25, '1977-01-01 22:00:00', 'l_studeart@gmail.com'),
(98, 'Roddie', 'Kippy', 'Westrip', 63, '1987-10-16 05:00:00', 'r_westrip@hotmail.com'),
(99, 'Cornell', 'Alidia', 'Grieg', 61, '1993-08-03 14:00:00', 'c_grieg@gmail.com'),
(100, 'Henryetta', 'Ephraim', 'Stringman', 43, '1979-08-08 04:00:00', 'h_stringman@yahoo.com')

SET IDENTITY_INSERT Accounts OFF;

-- Insert AccountsTrips
INSERT INTO AccountsTrips (AccountId, TripId, Luggage) VALUES
(55, 279, 3),
(71, 494, 0),
(42, 62, 3),
(17, 457, 3),
(47, 835, 2),
(11, 290, 0),
(17, 191, 2),
(9, 234, 3),
(71, 48, 1),
(88, 557, 2),
(27, 765, 2),
(50, 365, 0),
(17, 235, 3),
(72, 849, 3),
(67, 142, 1),
(51, 359, 3),
(16, 323, 3),
(76, 428, 3),
(57, 577, 3),
(33, 487, 0),
(17, 913, 2),
(55, 901, 0),
(45, 173, 1),
(87, 10, 2),
(85, 791, 1),
(15, 178, 1),
(18, 564, 3),
(37, 415, 2),
(35, 172, 1),
(8, 257, 3),
(13, 219, 3),
(73, 459, 2),
(63, 191, 1),
(1, 116, 2),
(69, 477, 3),
(73, 780, 0),
(78, 644, 0),
(63, 133, 0),
(21, 834, 1),
(11, 867, 0),
(19, 79, 0),
(87, 705, 3),
(60, 909, 2),
(48, 305, 0),
(36, 839, 0),
(54, 354, 1),
(15, 478, 2),
(43, 441, 0),
(26, 408, 1),
(43, 903, 2),
(65, 81, 2),
(78, 77, 3),
(57, 730, 3),
(3, 882, 3),
(75, 623, 1),
(41, 538, 3),
(11, 444, 3),
(90, 323, 3),
(1, 164, 3),
(44, 389, 1),
(46, 896, 0),
(50, 489, 3),
(11, 568, 0),
(57, 860, 0),
(70, 902, 3),
(78, 414, 2),
(23, 20, 3),
(57, 26, 3),
(45, 466, 2),
(65, 262, 1),
(54, 870, 1),
(53, 877, 2),
(53, 78, 0),
(4, 106, 2),
(80, 617, 3),
(48, 578, 0),
(86, 875, 0),
(45, 641, 1),
(76, 14, 3),
(22, 909, 3),
(60, 540, 3),
(54, 495, 2),
(68, 100, 1),
(14, 289, 0),
(29, 847, 0),
(78, 258, 3),
(8, 761, 2),
(68, 892, 1),
(75, 833, 2),
(24, 23, 0),
(33, 124, 0),
(16, 921, 0),
(15, 592, 3),
(37, 893, 2),
(46, 817, 3),
(61, 852, 2),
(41, 502, 1),
(69, 818, 2),
(2, 631, 3),
(56, 910, 1),
(32, 523, 2),
(71, 307, 3),
(59, 427, 0),
(73, 691, 0),
(76, 905, 1),
(80, 775, 1),
(31, 28, 3),
(54, 306, 3),
(3, 873, 2),
(36, 611, 3),
(54, 541, 2),
(50, 703, 1),
(24, 405, 3),
(9, 462, 0),
(2, 446, 3),
(29, 575, 0),
(9, 695, 2),
(32, 556, 3),
(39, 158, 1),
(4, 473, 2),
(72, 891, 0),
(69, 253, 3),
(3, 495, 0),
(1, 56, 0),
(71, 538, 0),
(62, 361, 2),
(75, 508, 2),
(27, 656, 0),
(43, 151, 1),
(27, 369, 0),
(53, 618, 0),
(26, 813, 3),
(43, 306, 1),
(80, 243, 2),
(52, 813, 1),
(46, 287, 0),
(62, 791, 3),
(7, 345, 1),
(32, 485, 2),
(86, 168, 1),
(43, 632, 3),
(19, 799, 0),
(65, 731, 0),
(41, 214, 2),
(32, 433, 2),
(36, 651, 1),
(40, 852, 1),
(42, 632, 3),
(1, 231, 1),
(37, 342, 3),
(72, 794, 2),
(41, 354, 1),
(35, 244, 0),
(80, 861, 1),
(1, 292, 2),
(37, 154, 0),
(66, 483, 0),
(35, 69, 3),
(46, 49, 1),
(73, 648, 1),
(30, 598, 1),
(66, 337, 3),
(57, 358, 1),
(7, 476, 0),
(32, 926, 2),
(47, 368, 2),
(35, 344, 0),
(39, 302, 1),
(57, 306, 2),
(36, 836, 0),
(56, 621, 1),
(64, 5, 2),
(8, 633, 0),
(69, 10, 1),
(47, 254, 0),
(55, 662, 1),
(54, 304, 1),
(7, 734, 3),
(7, 63, 0),
(66, 760, 2),
(55, 467, 3),
(46, 645, 2),
(53, 233, 0),
(80, 405, 2),
(4, 803, 0),
(44, 829, 3),
(79, 154, 1),
(76, 898, 0),
(79, 853, 0),
(83, 610, 1),
(39, 517, 3),
(8, 274, 3),
(63, 825, 2),
(37, 321, 0),
(3, 312, 2),
(19, 553, 3),
(72, 184, 0),
(41, 161, 3),
(22, 549, 0),
(2, 439, 0),
(20, 541, 0),
(40, 530, 3),
(7, 651, 2),
(45, 393, 1),
(40, 464, 1),
(73, 225, 0),
(30, 9, 3),
(14, 312, 2),
(9, 215, 0),
(14, 641, 2),
(90, 133, 1),
(81, 908, 3),
(17, 407, 3),
(5, 603, 2),
(60, 742, 0),
(68, 158, 0),
(67, 457, 3),
(60, 929, 3),
(14, 366, 3),
(60, 826, 0),
(57, 113, 2),
(19, 71, 2),
(67, 501, 0),
(8, 520, 2),
(35, 220, 3),
(61, 409, 1),
(21, 903, 0),
(40, 154, 3),
(28, 491, 3),
(72, 73, 1),
(32, 390, 3),
(33, 264, 3),
(37, 821, 0),
(59, 599, 3),
(14, 938, 2),
(50, 419, 3),
(20, 88, 3),
(72, 140, 3),
(63, 787, 1),
(32, 563, 1),
(26, 854, 3),
(26, 735, 3),
(7, 933, 1),
(4, 792, 0),
(36, 309, 3),
(42, 87, 1),
(9, 569, 2),
(24, 39, 2),
(55, 599, 2),
(50, 826, 2),
(2, 621, 0),
(3, 738, 1),
(55, 656, 2),
(90, 425, 3),
(44, 36, 3),
(1, 550, 0),
(35, 593, 1),
(80, 504, 2),
(90, 467, 2),
(53, 783, 2),
(46, 528, 3),
(72, 2, 2),
(45, 424, 3),
(62, 569, 2),
(42, 386, 3),
(62, 678, 3),
(79, 59, 3),
(11, 811, 2),
(31, 617, 3),
(90, 43, 0),
(27, 363, 3),
(7, 800, 0),
(34, 362, 3),
(43, 212, 3),
(47, 487, 0),
(54, 230, 1),
(86, 241, 3),
(70, 212, 1),
(13, 126, 1),
(35, 839, 3),
(36, 929, 0),
(47, 17, 1),
(1, 802, 2),
(69, 894, 0),
(77, 792, 1),
(46, 868, 2),
(8, 597, 1),
(80, 706, 3),
(59, 592, 1),
(81, 172, 1),
(50, 852, 2),
(31, 330, 3),
(66, 519, 1),
(32, 923, 0),
(9, 655, 1),
(36, 264, 3),
(2, 872, 3),
(40, 118, 0),
(39, 888, 1),
(63, 304, 0),
(27, 912, 3),
(31, 503, 2),
(73, 242, 1),
(35, 657, 2),
(14, 299, 3),
(56, 892, 1),
(43, 159, 2),
(87, 652, 2),
(47, 501, 2),
(9, 777, 2),
(12, 710, 3),
(47, 650, 3),
(66, 810, 0),
(37, 833, 2),
(41, 504, 1),
(9, 199, 2),
(5, 708, 3),
(13, 249, 2),
(81, 672, 1),
(48, 641, 2),
(24, 739, 3),
(3, 273, 3),
(45, 379, 1),
(66, 805, 2),
(86, 895, 2),
(44, 360, 3),
(27, 602, 1),
(17, 531, 2),
(29, 370, 2),
(70, 295, 1),
(68, 819, 2),
(58, 695, 3),
(19, 935, 3),
(41, 104, 2),
(56, 804, 3),
(14, 428, 3),
(35, 518, 2),
(46, 341, 1),
(7, 26, 0),
(34, 833, 2),
(50, 871, 0),
(46, 245, 1),
(13, 468, 1),
(86, 321, 0),
(28, 776, 2),
(1, 293, 0),
(17, 506, 3),
(58, 455, 1),
(26, 172, 3),
(75, 595, 1),
(2, 48, 3),
(53, 367, 0),
(40, 616, 0),
(55, 53, 3),
(76, 330, 3),
(60, 839, 2),
(27, 800, 3),
(77, 790, 3),
(69, 165, 1),
(2, 233, 1),
(80, 708, 0),
(39, 774, 3),
(50, 420, 1),
(88, 207, 1),
(58, 351, 0),
(45, 510, 3),
(67, 90, 1),
(73, 238, 3),
(66, 114, 3),
(63, 244, 0),
(42, 895, 3),
(22, 884, 0),
(54, 611, 1),
(53, 387, 2),
(62, 779, 2),
(8, 403, 0),
(31, 216, 2),
(61, 920, 1),
(63, 916, 3),
(42, 190, 2),
(55, 252, 2),
(42, 518, 1),
(20, 485, 2),
(21, 908, 0),
(45, 308, 2),
(68, 703, 2),
(87, 141, 3),
(43, 240, 1),
(67, 246, 2),
(76, 691, 0),
(22, 132, 0),
(45, 113, 2),
(27, 203, 0),
(40, 262, 3),
(18, 734, 2),
(14, 709, 3),
(15, 249, 3),
(71, 24, 1),
(86, 740, 2),
(36, 183, 2),
(56, 373, 1),
(60, 325, 0),
(83, 456, 1),
(49, 744, 0),
(41, 110, 2),
(87, 561, 1),
(21, 182, 1),
(61, 863, 3),
(21, 452, 2),
(33, 647, 3),
(60, 77, 2),
(31, 597, 2),
(4, 170, 3),
(59, 633, 2),
(19, 859, 0),
(1, 563, 2),
(72, 719, 0),
(47, 268, 3),
(53, 345, 1),
(86, 13, 3),
(47, 831, 0),
(79, 458, 2),
(69, 659, 0),
(89, 780, 0),
(42, 667, 0),
(76, 144, 0),
(39, 407, 2),
(39, 546, 0),
(44, 840, 1),
(72, 249, 0),
(22, 322, 2),
(28, 273, 3),
(48, 286, 3),
(58, 265, 2),
(41, 138, 2),
(8, 186, 0),
(56, 404, 0),
(64, 885, 1),
(19, 538, 0),
(57, 123, 0),
(80, 853, 2),
(26, 423, 2),
(80, 754, 0),
(1, 916, 1),
(63, 865, 0),
(19, 51, 2),
(17, 231, 2),
(31, 378, 1),
(50, 829, 2),
(63, 246, 1),
(79, 637, 2),
(4, 835, 1),
(49, 333, 3),
(71, 233, 0),
(59, 148, 0),
(71, 475, 1),
(17, 446, 0),
(3, 75, 3),
(33, 356, 3),
(14, 177, 2),
(86, 588, 0),
(73, 867, 1),
(54, 238, 2),
(47, 764, 0),
(24, 632, 1),
(56, 748, 1),
(48, 403, 1),
(40, 751, 0)