USE School
GO

-- Disable referential integrity
EXEC sp_MSForEachTable 'DISABLE TRIGGER ALL ON ?'
GO

EXEC sp_MSForEachTable 'ALTER TABLE ? NOCHECK CONSTRAINT ALL';
GO

EXEC sp_MSForEachTable 'DELETE FROM ?';
GO

EXEC sp_MSForEachTable
    'IF OBJECT_ID(''?'') IN (SELECT OBJECT_ID FROM SYS.IDENTITY_COLUMNS)
     DBCC CHECKIDENT(''?'', RESEED, 0)';
GO

SET IDENTITY_INSERT Subjects OFF;
SET IDENTITY_INSERT Exams OFF;
SET IDENTITY_INSERT Students OFF;
SET IDENTITY_INSERT Teachers OFF;
SET IDENTITY_INSERT StudentsSubjects OFF;

-- Enable referential integrity
EXEC sp_MSForEachTable 'ALTER TABLE ? WITH CHECK CHECK CONSTRAINT ALL';
GO

EXEC sp_MSForEachTable 'ENABLE TRIGGER ALL ON ?'
GO


SET IDENTITY_INSERT [dbo].Subjects ON;

INSERT INTO Subjects (Id, Name, Lessons) VALUES 
(1, 'Biology', 12),
(2, 'History', 10),
(3, 'English', 7),
(4, 'Math', 9),
(5, 'Music', 6),
(6, 'Art', 4),
(7, 'Science', 8),
(8, 'French', 15),
(9, 'Poetry', 10),
(10, 'Physics', 12),
(11, 'Chemistry', 10),
(12, 'Zoology', 7)

SET IDENTITY_INSERT Subjects OFF;

SET IDENTITY_INSERT [dbo].Exams ON;

INSERT INTO Exams (Id, Date, SubjectId) VALUES 
(1, '2018-11-28', 1),
(2, '2018-12-03', 2),
(3, '2019-01-04', 3),
(4, '2018-06-28', 4),
(5, '2018-09-04', 5),
(6, '2018-12-15', 6),
(7, null, 7),
(8, null, 8),
(9, '2018-10-16', 9),
(10, '2018-09-25', 10),
(11, null, 11),
(12, '2018-09-07', 12),
(13, '2018-07-09', 1),
(14, null, 2),
(15, '2018-06-14', 3),
(16, '2018-10-13', 4),
(17, '2018-11-18', 5),
(18, '2018-10-10', 6),
(19, '2018-04-15', 7),
(20, '2018-03-23', 8),
(21, '2018-12-07', 9),
(22, '2018-03-12', 10),
(23, '2018-01-21', 11),
(24, '2018-03-25', 12)

SET IDENTITY_INSERT Exams OFF;

SET IDENTITY_INSERT [dbo].Students ON;

INSERT INTO Students (Id, FirstName, MiddleName, LastName, Age, Address, Phone) VALUES 
(1, 'Horatia', 'Olphert', 'Kenforth', 10, '81536 Delaware Drive', '7554408119'),
(2, 'Flossie', 'Pelcheur', 'Chidwick', 12, '74 Lunder Way', '7468327184'),
(3, 'Brose', 'Ganders', 'Yeats', 13, '110 Morningstar Court', null),
(4, 'Shelley', 'MacCafferky', 'Sibborn', 14, '2 Golf Course Terrace', '1383686028'),
(5, 'Garnet', 'Lax', 'De Cleyne', 15, '91 Maple Road', '4297738662'),
(6, 'Phillipp', 'Greaser', 'Cansfield', 6, '4 Norway Maple Junction', null),
(7, 'Baxter', 'Rutherforth', 'Abrahart', 7, '2 Northwestern Court', '2383464054'),
(8, 'Page', null, 'Fleetwood', 8, '7562 Vernon Hill', '6046008324'),
(9, 'Farrel', 'Burfield', 'Winks', 9, '44159 Karstens Junction', '5854650282'),
(10, 'Terra', null, 'Mullord', 10, null, '6161867789'),
(11, 'Mart', 'Harper', 'Marty', 11, '0222 Farwell Plaza', '1632342760'),
(12, 'Agace', null, 'Sneddon', 12, '835 Shelley Circle', '4213104984'),
(13, 'Rollo', 'Delwater', 'Rearie', 13, '6519 Stoughton Circle', '1498594276'),
(14, 'Tasha', 'Coole', 'Ghioni', 14, '3603 Annamark Trail', '6885432280'),
(15, 'Lexis', 'Bampton', 'Toulmin', 15, '282 Carpenter Circle', null),
(16, 'Tasia', 'Dumphrey', 'Ringham', 11, null, '1596902936'),
(17, 'Merrill', 'Batram', 'Habbijam', 10, '34 Parkside Alley', '8652461264'),
(18, 'Cornelius', 'Purselow', 'Pimmocke', 14, '0619 Waywood Way', '4057114732'),
(19, 'Collen', null, 'Rowat', 12, '0 Ridgeway Hill', '5152877657'),
(20, 'Rolfe', null, 'Tierney', 10, '4 Ohio Junction', '4577160793'),
(21, 'Piper', null, 'Carloni', 8, '28 Welch Place', null),
(22, 'Tabor', 'Housden', 'Bwye', 7, '54 Declaration Plaza', '9173856624'),
(23, 'Willabella', 'Wiggett', 'Veel', 6, '54 Logan Pass', null),
(24, 'Filippo', 'Whordley', 'Dunstone', 9, '43841 Cambridge Trail', '6108240025'),
(25, 'Zackariah', 'Creegan', 'Cordner', 12, '5 Starling Avenue', null),
(26, 'Lock', 'Kenford', 'Houlaghan', 11, '3 Hovde Road', '7851898550'),
(27, 'Malory', 'Olford', 'McKeand', 13, null, '5248413450'),
(28, 'Joete', 'Martinets', 'Mateuszczyk', 14, '42 Manitowish Street', '4869331025'),
(29, 'Suellen', 'Alner', 'Wemyss', 7, '72 Hollow Ridge Junction', null),
(30, 'Carlos', null, 'Dutnell', 8, '02222 Mifflin Parkway', '8417032137'),
(31, 'Marielle', null, 'Arnal', 9, '9369 Mesta Crossing', '4568438095'),
(32, 'Maurita', 'Pullar', 'Youle', 10, null, '8025729216'),
(33, 'Ashley', 'Morecombe', 'Summerell', 11, '02641 Mockingbird Trail', '3885377595'),
(34, 'Maureen', 'Mynett', 'Verrall', 12, '61774 Stephen Street', '3109808308'),
(35, 'Misty', null, 'Stroton', 6, '65 Roth Alley', '8224022933'),
(36, 'Kiel', 'Baldetti', 'Keyhoe', 7, '71 Melody Place', '9513300525'),
(37, 'Jamey', 'Bradford', 'Shreeves', 8, '86775 Elgar Trail', '3445614092'),
(38, 'Darelle', null, 'Juschka', 11, '94206 Artisan Court', '1095700991'),
(39, 'Cirstoforo', null, 'Goshawk', 12, '9920 Petterle Hill', '3806958812'),
(40, 'Christy', null, 'Buxsy', 14, '14819 Derek Way', '6988525746'),
(41, 'Chickie', 'Da Costa', 'Headingham', 13, '0 Rusk Trail', '1799633493'),
(42, 'Kerwin', 'Willacot', 'Giral', 8, '96218 Maryland Way', '3367091501'),
(43, 'Sandy', 'Baudic', 'Abbison', 9, '15348 Valley Edge Park', '1225790943'),
(44, 'Karalynn', 'Ephgrave', 'Venn', 6, '0 1st Plaza', '7365247661'),
(45, 'Henrie', 'McGilroy', 'Grainger', 9, '94 Dawn Court', '8289085244'),
(46, 'Barbe', 'Dickenson', 'Sterrie', 6, '828 Westerfield Trail', '8003295194'),
(47, 'Una', null, 'Westraw', 7, '2 Oak Court', null),
(48, 'Raddie', 'Harley', 'Brolan', 8, '47266 7th Drive', null),
(49, 'Michal', 'Pumfrett', 'Crosfield', 9, '03 Dorton Hill', null),
(50, 'Andres', null, 'Colliard', 12, '8188 Toban Street', null),
(51, 'Kerby', null, 'Takle', 11, '1 Reinke Court', null),
(52, 'Elbertina', 'Hoffner', 'Ditts', 11, '84 Westend Crossing', '6341037338'),
(53, 'Chariot', 'Patmore', 'Giacobbo', 8, '8 Derek Circle', '7197896335'),
(54, 'Burke', 'Works', 'Truin', 9, null, '3866440478'),
(55, 'Sean', 'Cleminshaw', 'Tatnell', 10, '88488 Thompson Drive', '4094975618'),
(56, 'Chloe', 'Eunson', 'Aucoate', 6, '520 Sauthoff Pass', '4216471468'),
(57, 'Garry', 'Golightly', 'Ivens', 7, '055 Hoffman Parkway', null),
(58, 'Sophi', null, 'Hallard', 8, '92695 School Plaza', '6108656441'),
(59, 'Easter', 'Rockey', 'McNeilley', 9, '0 Mcguire Terrace', '3583371182'),
(60, 'Linnet', 'Clavey', 'Firmager', 6, '35 Lawn Lane', '3479357359'),
(61, 'Carline', 'Medhurst', 'McMurty', 6, '3720 Elmside Hill', '5059019509'),
(62, 'Clywd', 'Jon', 'Dyett', 11, '1513 Lien Road', '3573081856'),
(63, 'Ivy', 'Cordeix', 'Bilovsky', 11, '859 Hagan Lane', '2195521219'),
(64, 'Casper', 'Amori', 'Tite', 12, '63523 Fairview Hill', '4104627481'),
(65, 'Ebba', 'Gyppes', 'Lebreton', 13, '9899 Sage Drive', '7407546102'),
(66, 'Deane', 'Benneyworth', 'Adess', 13, '32668 Eagle Crest Street', '2199354482'),
(67, 'Micheil', null, 'Tynemouth', 8, '54 Bonner Way', '1944967492'),
(68, 'Demetri', null, 'Dulson', 9, '8964 Village Green Junction', '2664563204'),
(69, 'Fernanda', 'MacDiarmid', 'Thirlwall', 11, '905 Crescent Oaks Point', null),
(70, 'Cymbre', 'Hablot', 'Godfrey', 10, '128 Talisman Court', '1093792040'),
(71, 'Anderea', 'Paxforde', 'Bowers', 7, '21351 4th Lane', '7418211640'),
(72, 'Henrik', 'Scanlin', 'Bangle', 7, '9 Main Place', '8384496306'),
(73, 'Jim', 'Petrowsky', 'Caulkett', 7, '29437 Ramsey Center', '7869102569'),
(74, 'Melesa', null, 'Wigmore', 8, null, null),
(75, 'Melloney', 'Babbs', 'Coils', 8, '455 Killdeer Trail', '2866354896'),
(76, 'Lola', 'Merwood', 'Tenpenny', 9, '8918 Merrick Hill', '4038883129'),
(77, 'Sibley', 'Augie', 'Iowarch', 10, '702 Meadow Vale Point', null),
(78, 'Sibylla', 'Ghiron', 'Krimmer', 11, '5597 Miller Road', '3891637454'),
(79, 'Thain', 'Crevy', 'Daymont', 12, '7566 Cody Plaza', '9489368776'),
(80, 'Omero', null, 'Whall', 13, '337 Menomonie Street', '3595724350'),
(81, 'Dur', 'Tomsa', 'Juszczak', 12, '9738 Corscot Alley', '7596758049'),
(82, 'Dal', 'Piercy', 'Fishenden', 13, '22759 Bowman Court', '4527923190'),
(83, 'Nollie', 'Tremberth', 'Chess', 7, '2 Jenna Trail', '5026939984'),
(84, 'Hersh', null, 'Cure', 9, '58022 Troy Alley', '1669389511'),
(85, 'Reynard', null, 'Canto', 9, '67306 Duke Drive', '9027927626'),
(86, 'Orel', null, 'Heliet', 10, null, '6207745053'),
(87, 'Mable', 'Zemler', 'Bathersby', 10, '41 Westerfield Way', '5745641723'),
(88, 'Ward', 'Wattisham', 'Batisse', 8, '448 Crownhardt Plaza', '7891551699'),
(89, 'Charlena', 'Toner', 'Lynch', 9, '53 Brentwood Lane', '8741716593'),
(90, 'Glory', null, 'Hedditch', 9, '986 Evergreen Circle', '4996054640'),
(91, 'Bobby', 'Leggitt', 'Domnin', 9, '1176 Chinook Parkway', '5611934321'),
(92, 'Andria', 'Geleman', 'Andrioletti', 7, '394 Hermina Avenue', '1541804748'),
(93, 'Zachery', null, 'Jerred', 12, '7150 Tennyson Road', '8425104081'),
(94, 'Jolyn', 'Paur', 'Choupin', 13, '891 Redwing Court', '1319123616'),
(95, 'Doug', 'Abramson', 'Scrivener', 14, '5280 Leroy Alley', '8708699499'),
(96, 'Stefano', 'Alecock', 'Blewett', 14, '62 Rusk Junction', '6838842253'),
(97, 'Rory', 'Brymner', 'Poschel', 11, '49 Forest Circle', '7162799507'),
(98, 'Ericka', 'Switland', 'Pettigree', 11, '100 Hudson Crossing', '9762934066'),
(99, 'Yetta', null, 'Puttnam', 11, '7 Carey Park', null),
(100, 'Marcelo', null, 'Geikie', 10, null, null),
(101, 'Linell', 'Castillon', 'Mattiato', 10, null, '1813481268'),
(102, 'Demott', 'Burling', 'Addison', 10, '623 Coleman Circle', '8841445021'),
(103, 'Cissiee', 'Cosins', 'Gozard', 12, '23098 Butterfield Junction', '3764217935'),
(104, 'Freddie', 'Dexter', 'Enevold', 12, '5 Basil Junction', '4205378077'),
(105, 'Verney', null, 'Ridde', 12, '27 Hudson Drive', '8646183900'),
(106, 'Ulrick', null, 'Folder', 10, '0 Hagan Drive', '6989419819'),
(107, 'Noami', 'Raccio', 'Ramsbottom', 11, '54 Huxley Parkway', '1264565847'),
(108, 'Harland', 'Trelevan', 'Samber', 8, '89863 Leroy Road', '3793750386'),
(109, 'Bert', null, 'Perello', 8, '11 Scofield Terrace', '5203882008'),
(110, 'Jeri', 'Grimoldby', 'Duferie', 8, '0 Schlimgen Place', '5034213845'),
(111, 'Bernardine', 'Shutler', 'Purrier', 7, '3459 Gale Circle', '2423861685'),
(112, 'Lurlene', null, 'Orgee', 7, '645 Farragut Circle', '9739529303'),
(113, 'Jarret', 'MacVicar', 'Benkin', 6, '83180 Sommers Parkway', '8151533190'),
(114, 'Milt', 'Jamblin', 'MacKenney', 6, '30694 Caliangt Terrace', '6522339328'),
(115, 'Joycelin', 'Innwood', 'Leport', 9, '4479 Onsgard Pass', '4035733779'),
(116, 'Eldon', 'Gothrup', 'Zimmerman', 9, '22791 Lakewood Way', '4675974076'),
(117, 'Deena', null, 'Esposito', 11, '82492 Merchant Circle', '3486214374'),
(118, 'Allen', 'Storre', 'Piniur', 10, '2487 Arrowood Terrace', '1553350694'),
(119, 'Maryanna', 'Martill', 'Esposi', 8, '13 Bowman Circle', '6617185366'),
(120, 'Fiona', 'Gorce', 'Hembery', 9, '4 Dennis Center', '4488618987')

SET IDENTITY_INSERT Students OFF;

SET IDENTITY_INSERT [dbo].Teachers ON;

INSERT INTO Teachers (Id, FirstName, LastName, Address, Phone, SubjectId) VALUES
 (1, 'Ruthanne', 'Bamb', '84948 Mesta Junction', '3105500146', 1),
(2, 'Gerrard', 'Lowin', '370 Talisman Plaza', '3324874824', 2),
(3, 'Merrile', 'Lambdin', '81 Dahle Plaza', '4373065154', 3),
(4, 'Bert', 'Ivie', '2 Gateway Circle', '4409584510', 4),
(5, 'Maddie', 'Heardman', '1 Jenifer Crossing', '4083162698', 5),
(6, 'Farleigh', 'Gerrans', '095 Dovetail Road', '2643890618', 6),
(7, 'Antonia', 'Camp', '467 Corscot Point', '9264023672', 7),
(8, 'Christen', 'Clerc', '318 Oak Alley', null, 8),
(9, 'Ezechiel', 'Dalinder', '79 Del Mar Place', '3239441595', 9),
(10, 'Tamarah', 'Clawe', '78074 Eagan Avenue', '5685754519', 10),
(11, 'Felizio', 'Growden', '42317 La Follette', '9925499407', 11),
(12, 'Tarrah', 'Woollends', '08148 Pass', '5443967289', 12),
(13, 'Jean', 'Mangeot', '9856 Debs Hill', '6495511622', 1),
(14, 'Torin', 'Revens', '0 Bonner Way', null, 2),
(15, 'Lorita', 'Kenford', '062 Surrey Road', '1572747478', 3),
(16, 'Ursa', 'Conrart', '49 Hayes Trail', null, 4),
(17, 'Odie', 'Kulvear', '86 Erie Alley', '9752662275', 4),
(18, 'Findlay', 'Collingdon', '5 Corben Park', '2977251780', 6),
(19, 'Nataniel', 'Margery', '1089 Portage Alley', '9902417749', 7),
(20, 'Salvador', 'Depport', '6 Sherman Place', '5862303219', 8),
(21, 'Derril', 'Wooffitt', '483 Crowley Parkway', null, 9),
(22, 'Rona', 'Wollard', '7654 Veith Pass', '1495410621', 10),
(23, 'Benedict', 'Filan', '2060 Junction', '4214677395', 11),
(24, 'Gaynor', 'Stag', '1990 Green Drive', '7238708956', 12),
(25, 'Yehudi', 'Beacom', '817 Ramsey Circle', '6545550268', 1),
(26, 'Jemmy', 'Caddell', '806 Eggendart Road', '8536929572', 4),
(27, 'Vyky', 'Tabbernor', '379 Kenwood Road', '2567155374', 8),
(28, 'Colene', 'Mikalski', '78779 Luster Street', '6453352337', 12)

SET IDENTITY_INSERT Teachers OFF;

INSERT INTO StudentsExams (ExamId, StudentId , Grade) VALUES
(1, 49, 3.00),
(1, 39, 3.00),
(1, 56, 3.00),
(1, 20, 3.00),
(1, 62, 5.00),
(1, 36, 5.99),
(1, 120, 3.75),
(1, 71, 5.50),
(1, 66, 4.50),
(1, 32, 3.75),
(1, 107, 4.25),
(1, 68, 3.10),
(1, 12, 5.10),
(1, 73, 2.25),
(1, 45, 4.75),
(1, 103, 3.50),
(1, 22, 5.99),
(1, 80, 3.99),
(1, 46, 2.00),
(1, 28, 3.75),
(1, 48, 2.00),
(1, 42, 4.99),
(1, 94, 2.50),
(2, 27, 4.50),
(2, 35, 4.50),
(2, 36, 6.00),
(2, 61, 5.99),
(2, 109, 4.25),
(2, 79, 2.75),
(2, 41, 2.50),
(2, 76, 6.00),
(2, 108, 4.75),
(2, 29, 3.99),
(2, 58, 3.10),
(2, 6, 5.50),
(2, 120, 5.10),
(2, 88, 5.10),
(2, 106, 2.75),
(2, 42, 3.50),
(2, 48, 4.75),
(2, 52, 4.75),
(2, 85, 4.99),
(2, 83, 5.25),
(2, 119, 4.99),
(3, 32, 4.00),
(3, 44, 5.99),
(3, 39, 5.99),
(3, 12, 5.99),
(3, 113, 4.99),
(3, 37, 3.75),
(3, 48, 4.99),
(3, 90, 3.99),
(3, 86, 3.99),
(3, 22, 4.99),
(3, 115, 4.50),
(3, 41, 2.00),
(3, 49, 2.99),
(3, 6, 2.10),
(3, 36, 3.25),
(3, 5, 3.25),
(3, 24, 2.99),
(3, 112, 6.00),
(3, 45, 4.10),
(3, 116, 3.10),
(4, 107, 5.50),
(4, 36, 2.10),
(4, 48, 3.75),
(4, 68, 4.75),
(4, 20, 4.10),
(4, 60, 5.99),
(4, 8, 2.25),
(4, 10, 5.10),
(4, 44, 2.10),
(4, 29, 3.25),
(4, 72, 3.25),
(4, 6, 3.00),
(4, 106, 2.25),
(4, 61, 3.00),
(4, 15, 4.75),
(4, 118, 3.25),
(4, 73, 2.25),
(4, 52, 5.25),
(4, 1, 2.99),
(4, 69, 5.00),
(4, 87, 4.99),
(4, 35, 2.10),
(4, 80, 3.10),
(5, 115, 3.00),
(5, 7, 4.99),
(5, 86, 4.00),
(5, 82, 4.00),
(5, 74, 2.99),
(5, 43, 3.99),
(5, 5, 2.99),
(5, 37, 6.00),
(5, 100, 2.50),
(5, 75, 5.75),
(5, 21, 3.75),
(5, 44, 2.00),
(5, 16, 5.10),
(5, 66, 2.50),
(5, 2, 2.99),
(5, 26, 5.99),
(5, 119, 2.99),
(5, 108, 4.99),
(5, 64, 4.99),
(5, 71, 2.00),
(5, 62, 5.99),
(5, 55, 3.00),
(5, 81, 3.75),
(5, 96, 3.00),
(5, 29, 2.50),
(6, 11, 2.00),
(6, 33, 3.00),
(6, 119, 2.75),
(6, 89, 5.25),
(6, 65, 4.50),
(6, 57, 2.75),
(6, 38, 2.10),
(6, 95, 5.00),
(6, 35, 6.00),
(6, 79, 6.00),
(6, 32, 2.25),
(6, 50, 5.50),
(6, 103, 2.25),
(6, 49, 4.75),
(6, 7, 4.99),
(6, 93, 2.50),
(6, 97, 2.25),
(6, 102, 4.99),
(6, 74, 3.75),
(6, 20, 5.00),
(9, 56, 5.25),
(9, 54, 3.10),
(9, 42, 2.75),
(9, 29, 3.99),
(9, 98, 5.75),
(9, 116, 3.75),
(9, 7, 4.00),
(9, 80, 2.99),
(9, 102, 6.00),
(9, 67, 2.10),
(9, 73, 4.00),
(9, 49, 4.99),
(9, 6, 4.25),
(9, 87, 4.10),
(9, 86, 2.50),
(9, 12, 2.99),
(9, 100, 4.25),
(9, 78, 4.99),
(9, 120, 5.99),
(9, 89, 3.99),
(9, 68, 4.10),
(9, 109, 4.75),
(9, 52, 5.10),
(9, 14, 2.75),
(10, 86, 3.10),
(10, 26, 5.50),
(10, 83, 3.00),
(10, 63, 5.10),
(10, 54, 3.10),
(10, 74, 5.75),
(10, 21, 5.75),
(10, 65, 4.10),
(10, 116, 3.99),
(10, 88, 3.00),
(10, 46, 2.75),
(10, 71, 2.10),
(10, 110, 5.75),
(10, 105, 3.50),
(10, 98, 4.10),
(10, 107, 4.00),
(10, 94, 3.50),
(10, 27, 3.75),
(10, 113, 5.00),
(10, 89, 5.25),
(10, 4, 3.50),
(10, 61, 3.50),
(10, 72, 4.50),
(10, 81, 3.10),
(10, 82, 5.99),
(11, 26, 4.50),
(11, 109, 4.25),
(11, 25, 2.00),
(11, 90, 4.75),
(11, 37, 6.00),
(11, 89, 4.99),
(11, 27, 4.10),
(11, 70, 2.25),
(11, 48, 3.75),
(11, 71, 5.00),
(11, 102, 2.10),
(11, 66, 3.75),
(11, 43, 4.99),
(11, 62, 2.75),
(11, 82, 4.25),
(11, 118, 2.00),
(11, 21, 4.99),
(11, 30, 4.75),
(11, 94, 3.50),
(11, 72, 4.10),
(11, 69, 5.10),
(11, 29, 5.99),
(11, 53, 5.50),
(11, 105, 2.50),
(11, 23, 5.99),
(12, 29, 3.00),
(12, 10, 3.25),
(12, 7, 5.00),
(12, 43, 3.00),
(12, 48, 4.50),
(12, 60, 3.10),
(12, 73, 5.10),
(12, 101, 2.10),
(12, 104, 2.50),
(12, 44, 3.50),
(12, 36, 3.99),
(12, 58, 4.50),
(12, 40, 3.75),
(12, 107, 4.50),
(12, 89, 2.75),
(12, 117, 2.75),
(12, 100, 5.10),
(12, 81, 5.10),
(12, 76, 2.10),
(12, 57, 3.10),
(13, 70, 3.99),
(13, 3, 3.75),
(13, 113, 3.10),
(13, 57, 5.75),
(13, 8, 5.10),
(13, 28, 3.25),
(13, 64, 2.10),
(13, 101, 4.75),
(13, 110, 3.75),
(13, 29, 2.10),
(13, 23, 4.10),
(13, 66, 4.00),
(13, 74, 3.75),
(13, 63, 5.99),
(13, 55, 3.00),
(13, 100, 3.00),
(13, 54, 3.25),
(13, 33, 3.00),
(13, 51, 3.00),
(13, 24, 2.25),
(13, 76, 6.00),
(13, 50, 5.10),
(13, 93, 3.10),
(15, 82, 2.75),
(15, 87, 2.50),
(15, 40, 5.50),
(15, 119, 5.25),
(15, 4, 3.75),
(15, 12, 5.50),
(15, 51, 4.25),
(15, 95, 3.50),
(15, 76, 2.50),
(15, 56, 4.99),
(15, 85, 4.00),
(15, 46, 2.25),
(15, 64, 2.99),
(15, 50, 3.10),
(15, 115, 3.00),
(15, 75, 5.00),
(15, 36, 5.50),
(15, 96, 3.25),
(15, 91, 5.25),
(15, 29, 2.99),
(15, 17, 2.00),
(15, 100, 5.25),
(16, 21, 2.99),
(16, 66, 2.99),
(16, 13, 6.00),
(16, 78, 2.25),
(16, 37, 3.50),
(16, 87, 2.00),
(16, 63, 6.00),
(16, 100, 4.10),
(16, 2, 2.10),
(16, 31, 3.75),
(16, 83, 3.75),
(16, 23, 6.00),
(16, 34, 2.10),
(16, 39, 5.99),
(16, 3, 6.00),
(16, 30, 3.75),
(16, 90, 3.25),
(16, 85, 4.50),
(16, 116, 2.75),
(16, 86, 4.25),
(16, 29, 3.00),
(16, 98, 5.50),
(17, 17, 2.10),
(17, 71, 2.25),
(17, 9, 2.10),
(17, 38, 3.00),
(17, 29, 3.50),
(17, 2, 3.10),
(17, 103, 2.10),
(17, 26, 2.99),
(17, 23, 4.25),
(17, 5, 2.99),
(17, 21, 2.00),
(17, 99, 3.99),
(17, 56, 3.99),
(17, 20, 3.00),
(17, 85, 5.99),
(17, 120, 5.99),
(17, 106, 6.00),
(17, 102, 4.75),
(17, 72, 5.00),
(17, 75, 4.00),
(17, 92, 5.75),
(17, 84, 4.75),
(17, 3, 5.75),
(17, 52, 2.50),
(18, 38, 4.50),
(18, 12, 3.50),
(18, 90, 3.50),
(18, 102, 5.25),
(18, 30, 4.75),
(18, 66, 3.00),
(18, 2, 3.00),
(18, 65, 2.50),
(18, 81, 5.75),
(18, 59, 4.75),
(18, 104, 5.00),
(18, 47, 5.10),
(18, 55, 5.75),
(18, 99, 2.10),
(18, 40, 2.25),
(18, 75, 2.10),
(18, 80, 3.75),
(18, 108, 4.75),
(18, 117, 2.75),
(18, 31, 4.75),
(18, 45, 3.10),
(19, 95, 3.10),
(19, 2, 6.00),
(19, 3, 6.00),
(19, 50, 4.10),
(19, 37, 3.25),
(19, 92, 5.10),
(19, 117, 2.75),
(19, 119, 3.25),
(19, 55, 2.25),
(19, 101, 4.10),
(19, 22, 3.50),
(19, 70, 4.25),
(19, 54, 4.75),
(19, 18, 2.25),
(19, 59, 4.75),
(19, 33, 3.50),
(19, 114, 4.00),
(19, 79, 5.00),
(19, 39, 2.75),
(19, 32, 5.99),
(19, 115, 4.75),
(20, 83, 4.75),
(20, 28, 2.10),
(20, 49, 5.75),
(20, 44, 3.25),
(20, 91, 3.10),
(20, 73, 5.50),
(20, 69, 3.10),
(20, 11, 5.10),
(20, 50, 3.00),
(20, 59, 2.00),
(20, 78, 5.25),
(20, 9, 2.00),
(20, 24, 3.99),
(20, 87, 5.50),
(20, 90, 4.99),
(20, 21, 5.10),
(20, 22, 3.10),
(20, 47, 4.00),
(20, 25, 5.00),
(20, 76, 5.50),
(20, 61, 4.50),
(21, 40, 3.25),
(21, 75, 5.25),
(21, 83, 5.10),
(21, 45, 2.75),
(21, 7, 4.00),
(21, 34, 4.50),
(21, 64, 5.00),
(21, 97, 3.99),
(21, 87, 2.00),
(21, 95, 3.50),
(21, 55, 4.50),
(21, 58, 4.10),
(21, 3, 5.10),
(21, 70, 6.00),
(21, 118, 4.99),
(21, 2, 6.00),
(21, 113, 5.25),
(21, 99, 5.99),
(21, 51, 5.00),
(21, 13, 2.25),
(21, 92, 3.50),
(21, 52, 5.75),
(21, 25, 2.10),
(22, 64, 2.75),
(22, 92, 2.00),
(22, 110, 4.99),
(22, 33, 4.10),
(22, 36, 2.50),
(22, 30, 3.99),
(22, 118, 3.10),
(22, 11, 3.50),
(22, 88, 3.99),
(22, 96, 3.75),
(22, 24, 2.75),
(22, 32, 5.75),
(22, 2, 4.00),
(22, 68, 2.50),
(22, 57, 3.00),
(22, 38, 4.10),
(22, 13, 4.99),
(22, 95, 5.10),
(22, 19, 3.00),
(22, 14, 5.99),
(22, 1, 3.10)

SET IDENTITY_INSERT StudentsSubjects ON;

INSERT INTO StudentsSubjects (Id, StudentId, SubjectId, Grade) VALUES
(1, 1, 1, 4.99),
(2, 1, 1, 5.10),
(3, 1, 1, 3.50),
(4, 1, 2, 3.99),
(5, 1, 2, 2.00),
(6, 1, 2, 4.10),
(7, 1, 2, 2.75),
(8, 1, 3, 2.10),
(9, 1, 3, 2.10),
(10, 1, 4, 2.10),
(11, 1, 4, 4.99),
(12, 1, 5, 4.10),
(13, 1, 5, 3.75),
(14, 1, 5, 2.00),
(15, 1, 5, 2.25),
(16, 1, 6, 5.50),
(17, 1, 6, 5.50),
(18, 1, 7, 4.99),
(19, 1, 7, 4.25),
(20, 1, 8, 4.99),
(21, 1, 8, 2.75),
(22, 1, 8, 4.25),
(23, 1, 8, 3.10),
(24, 1, 9, 2.00),
(25, 1, 9, 3.75),
(26, 1, 9, 5.10),
(27, 1, 10, 3.75),
(28, 1, 10, 2.50),
(29, 1, 10, 2.25),
(30, 1, 11, 4.50),
(31, 1, 11, 5.25),
(32, 2, 1, 2.10),
(33, 2, 1, 4.25),
(34, 2, 1, 4.10),
(35, 2, 1, 5.10),
(36, 2, 2, 3.99),
(37, 2, 2, 4.75),
(38, 2, 3, 5.50),
(39, 2, 3, 4.25),
(40, 2, 4, 4.75),
(41, 2, 4, 4.00),
(42, 2, 4, 4.25),
(43, 2, 4, 3.25),
(44, 2, 5, 5.75),
(45, 2, 5, 3.25),
(46, 2, 5, 2.10),
(47, 2, 6, 3.10),
(48, 2, 6, 4.50),
(49, 2, 7, 5.10),
(50, 2, 7, 4.00),
(51, 2, 8, 2.00),
(52, 2, 8, 2.00),
(53, 2, 9, 2.10),
(54, 2, 9, 5.00),
(55, 2, 10, 2.00),
(56, 2, 10, 4.50),
(57, 2, 11, 3.10),
(58, 2, 11, 5.75),
(59, 2, 11, 4.10),
(60, 3, 1, 5.99),
(61, 3, 1, 3.00),
(62, 3, 1, 2.10),
(63, 3, 2, 4.75),
(64, 3, 2, 2.00),
(65, 3, 3, 6.00),
(66, 3, 3, 4.10),
(67, 3, 3, 5.25),
(68, 3, 4, 5.99),
(69, 3, 4, 3.75),
(70, 3, 4, 3.10),
(71, 3, 5, 3.50),
(72, 3, 5, 2.75),
(73, 3, 5, 2.10),
(74, 3, 6, 2.00),
(75, 3, 6, 5.99),
(76, 3, 6, 2.50),
(77, 3, 7, 5.25),
(78, 3, 7, 4.00),
(79, 3, 7, 4.25),
(80, 3, 8, 3.25),
(81, 3, 8, 4.50),
(82, 3, 9, 5.00),
(83, 3, 9, 2.99),
(84, 3, 9, 2.10),
(85, 3, 9, 4.99),
(86, 3, 10, 4.10),
(87, 3, 10, 6.00),
(88, 3, 10, 2.50),
(89, 3, 10, 3.25),
(90, 3, 11, 4.99),
(91, 3, 11, 5.00),
(92, 3, 11, 2.99),
(93, 4, 1, 3.75),
(94, 4, 1, 5.50),
(95, 4, 1, 2.10),
(96, 4, 1, 4.50),
(97, 4, 2, 6.00),
(98, 4, 2, 2.10),
(99, 4, 3, 2.50),
(100, 4, 3, 3.00),
(101, 4, 4, 4.10),
(102, 4, 4, 4.50),
(103, 4, 5, 3.50),
(104, 4, 5, 5.10),
(105, 4, 5, 4.00),
(106, 4, 5, 5.75),
(107, 4, 6, 3.99),
(108, 4, 6, 5.10),
(109, 4, 7, 4.25),
(110, 4, 7, 3.99),
(111, 4, 7, 2.75),
(112, 4, 7, 4.50),
(113, 4, 8, 5.00),
(114, 4, 8, 3.75),
(115, 4, 9, 2.10),
(116, 4, 9, 5.75),
(117, 4, 9, 4.75),
(118, 4, 9, 2.75),
(119, 4, 10, 3.50),
(120, 4, 10, 3.00),
(121, 4, 11, 5.10),
(122, 4, 11, 3.50),
(123, 4, 11, 3.99),
(124, 5, 1, 5.25),
(125, 5, 1, 4.10),
(126, 5, 1, 2.99),
(127, 5, 2, 4.99),
(128, 5, 2, 5.00),
(129, 5, 3, 3.00),
(130, 5, 3, 4.99),
(131, 5, 3, 4.00),
(132, 5, 4, 3.99),
(133, 5, 4, 5.50),
(134, 5, 4, 2.99),
(135, 5, 5, 3.25),
(136, 5, 5, 2.75),
(137, 5, 5, 3.75),
(138, 5, 5, 4.25),
(139, 5, 6, 3.10),
(140, 5, 6, 2.75),
(141, 5, 7, 2.00),
(142, 5, 7, 4.25),
(143, 5, 7, 2.50),
(144, 5, 7, 4.25),
(145, 5, 8, 3.00),
(146, 5, 8, 5.75),
(147, 5, 8, 5.50),
(148, 5, 8, 3.75),
(149, 5, 9, 2.10),
(150, 5, 9, 5.50),
(151, 5, 9, 5.10),
(152, 5, 9, 5.99),
(153, 5, 10, 4.75),
(154, 5, 10, 2.50),
(155, 5, 10, 6.00),
(156, 5, 10, 5.50),
(157, 5, 11, 3.00),
(158, 5, 11, 2.99),
(159, 5, 11, 5.75),
(160, 5, 11, 2.00),
(161, 6, 1, 2.50),
(162, 6, 1, 4.50),
(163, 6, 1, 5.75),
(164, 6, 2, 4.25),
(165, 6, 2, 2.50),
(166, 6, 3, 3.50),
(167, 6, 3, 3.25),
(168, 6, 3, 5.99),
(169, 6, 3, 2.75),
(170, 6, 4, 5.75),
(171, 6, 4, 4.00),
(172, 6, 5, 4.10),
(173, 6, 5, 3.50),
(174, 6, 5, 4.99),
(175, 6, 5, 3.99),
(176, 6, 6, 2.25),
(177, 6, 6, 5.75),
(178, 6, 6, 2.50),
(179, 6, 7, 3.99),
(180, 6, 7, 2.75),
(181, 6, 7, 5.10),
(182, 6, 7, 2.50),
(183, 6, 8, 3.75),
(184, 6, 8, 4.00),
(185, 6, 9, 5.25),
(186, 6, 9, 4.75),
(187, 6, 9, 3.10),
(188, 6, 10, 4.99),
(189, 6, 10, 3.99),
(190, 6, 10, 4.25),
(191, 6, 11, 5.50),
(192, 6, 11, 2.99),
(193, 6, 11, 2.75),
(194, 7, 1, 3.99),
(195, 7, 1, 2.50),
(196, 7, 1, 5.99),
(197, 7, 1, 2.99),
(198, 7, 2, 5.75),
(199, 7, 2, 4.25),
(200, 7, 2, 3.00),
(201, 7, 2, 2.75),
(202, 7, 3, 3.00),
(203, 7, 3, 5.99),
(204, 7, 4, 4.75),
(205, 7, 4, 3.25),
(206, 7, 5, 2.10),
(207, 7, 5, 3.99),
(208, 7, 6, 4.75),
(209, 7, 6, 2.75),
(210, 7, 6, 4.00),
(211, 7, 6, 2.50),
(212, 7, 7, 5.75),
(213, 7, 7, 2.25),
(214, 7, 7, 4.10),
(215, 7, 7, 4.75),
(216, 7, 8, 5.25),
(217, 7, 8, 3.75),
(218, 7, 8, 4.50),
(219, 7, 8, 3.99),
(220, 7, 9, 3.00),
(221, 7, 9, 2.10),
(222, 7, 10, 3.10),
(223, 7, 10, 2.00),
(224, 7, 10, 6.00),
(225, 7, 10, 4.10),
(226, 7, 11, 5.99),
(227, 7, 11, 3.25),
(228, 7, 11, 2.25),
(229, 7, 11, 2.25),
(230, 8, 1, 5.10),
(231, 8, 1, 5.50),
(232, 8, 1, 2.75),
(233, 8, 1, 6.00),
(234, 8, 2, 2.00),
(235, 8, 2, 3.00),
(236, 8, 3, 4.99),
(237, 8, 3, 4.99),
(238, 8, 4, 2.10),
(239, 8, 4, 4.00),
(240, 8, 4, 2.25),
(241, 8, 4, 4.75),
(242, 8, 5, 2.25),
(243, 8, 5, 4.10),
(244, 8, 6, 2.99),
(245, 8, 6, 5.25),
(246, 8, 6, 2.50),
(247, 8, 7, 5.75),
(248, 8, 7, 4.00),
(249, 8, 8, 4.99),
(250, 8, 8, 5.50),
(251, 8, 9, 3.10),
(252, 8, 9, 4.10),
(253, 8, 9, 4.25),
(254, 8, 9, 4.10),
(255, 8, 10, 4.00),
(256, 8, 10, 4.00),
(257, 8, 10, 3.50),
(258, 8, 10, 4.25),
(259, 8, 11, 3.25),
(260, 8, 11, 5.99),
(261, 9, 1, 3.00),
(262, 9, 1, 2.10),
(263, 9, 1, 5.99),
(264, 9, 2, 3.00),
(265, 9, 2, 4.50),
(266, 9, 2, 4.25),
(267, 9, 2, 4.25),
(268, 9, 3, 4.10),
(269, 9, 3, 3.99),
(270, 9, 3, 4.25),
(271, 9, 4, 3.75),
(272, 9, 4, 4.25),
(273, 9, 4, 6.00),
(274, 9, 4, 2.99),
(275, 9, 5, 2.00),
(276, 9, 5, 2.25),
(277, 9, 5, 2.10),
(278, 9, 5, 2.50),
(279, 9, 6, 5.25),
(280, 9, 6, 2.99),
(281, 9, 6, 2.99),
(282, 9, 6, 3.25),
(283, 9, 7, 3.99),
(284, 9, 7, 3.00),
(285, 9, 7, 3.00),
(286, 9, 7, 5.10),
(287, 9, 8, 5.75),
(288, 9, 8, 4.25),
(289, 9, 8, 4.75),
(290, 9, 8, 4.99),
(291, 9, 9, 4.75),
(292, 9, 9, 5.25),
(293, 9, 10, 2.25),
(294, 9, 10, 3.99),
(295, 9, 10, 5.00),
(296, 9, 10, 5.50),
(297, 9, 11, 5.99),
(298, 9, 11, 5.25),
(299, 9, 11, 4.75),
(300, 9, 11, 2.50),
(301, 10, 1, 2.10),
(302, 10, 1, 2.00),
(303, 10, 2, 3.10),
(304, 10, 2, 5.50),
(305, 10, 2, 5.50),
(306, 10, 3, 3.99),
(307, 10, 3, 5.10),
(308, 10, 3, 2.00),
(309, 10, 3, 3.75),
(310, 10, 4, 2.00),
(311, 10, 4, 6.00),
(312, 10, 4, 3.75),
(313, 10, 4, 3.25),
(314, 10, 5, 4.10),
(315, 10, 5, 4.50),
(316, 10, 5, 2.00),
(317, 10, 6, 5.10),
(318, 10, 6, 5.99),
(319, 10, 6, 5.50),
(320, 10, 7, 3.75),
(321, 10, 7, 5.99),
(322, 10, 7, 4.99),
(323, 10, 7, 3.00),
(324, 10, 8, 3.00),
(325, 10, 8, 5.99),
(326, 10, 9, 5.75),
(327, 10, 9, 5.99),
(328, 10, 10, 2.50),
(329, 10, 10, 3.25),
(330, 10, 10, 3.75),
(331, 10, 11, 4.25),
(332, 10, 11, 4.10),
(333, 10, 11, 4.50),
(334, 11, 1, 3.00),
(335, 11, 1, 5.99),
(336, 11, 1, 2.50),
(337, 11, 2, 2.75),
(338, 11, 2, 2.10),
(339, 11, 2, 2.10),
(340, 11, 3, 5.10),
(341, 11, 3, 5.25),
(342, 11, 3, 2.50),
(343, 11, 3, 2.00),
(344, 11, 4, 3.75),
(345, 11, 4, 3.25),
(346, 11, 4, 2.75),
(347, 11, 4, 4.75),
(348, 11, 5, 5.99),
(349, 11, 5, 3.99),
(350, 11, 5, 4.00),
(351, 11, 5, 2.99),
(352, 11, 6, 5.50),
(353, 11, 6, 5.10),
(354, 11, 6, 4.75),
(355, 11, 7, 6.00),
(356, 11, 7, 5.50),
(357, 11, 7, 5.25),
(358, 11, 7, 2.75),
(359, 11, 8, 5.75),
(360, 11, 8, 2.50),
(361, 11, 8, 3.10),
(362, 11, 8, 3.99),
(363, 11, 9, 2.75),
(364, 11, 9, 2.99),
(365, 11, 9, 5.99),
(366, 11, 9, 4.75),
(367, 11, 10, 5.50),
(368, 11, 10, 5.99),
(369, 11, 10, 3.99),
(370, 11, 10, 4.75),
(371, 11, 11, 3.75),
(372, 11, 11, 4.99),
(373, 11, 11, 5.99),
(374, 12, 1, 3.75),
(375, 12, 1, 3.10),
(376, 12, 1, 5.50),
(377, 12, 2, 5.10),
(378, 12, 2, 2.50),
(379, 12, 2, 2.00),
(380, 12, 2, 3.75),
(381, 12, 3, 5.50),
(382, 12, 3, 5.25),
(383, 12, 4, 4.99),
(384, 12, 4, 3.25),
(385, 12, 4, 2.00),
(386, 12, 4, 5.50),
(387, 12, 5, 5.50),
(388, 12, 5, 4.50),
(389, 12, 5, 5.99),
(390, 12, 6, 3.75),
(391, 12, 6, 5.00),
(392, 12, 7, 2.99),
(393, 12, 7, 2.10),
(394, 12, 7, 3.10),
(395, 12, 8, 5.50),
(396, 12, 8, 2.00),
(397, 12, 9, 6.00),
(398, 12, 9, 4.50),
(399, 12, 10, 4.00),
(400, 12, 10, 3.00),
(401, 12, 10, 5.10),
(402, 12, 10, 2.25),
(403, 12, 11, 2.00),
(404, 12, 11, 4.99),
(405, 13, 1, 4.99),
(406, 13, 1, 5.10),
(407, 13, 1, 4.25),
(408, 13, 2, 5.75),
(409, 13, 2, 3.25),
(410, 13, 2, 2.75),
(411, 13, 2, 4.10),
(412, 13, 3, 3.10),
(413, 13, 3, 5.50),
(414, 13, 3, 5.00),
(415, 13, 3, 2.10),
(416, 13, 4, 3.10),
(417, 13, 4, 2.10),
(418, 13, 4, 3.00),
(419, 13, 4, 3.75),
(420, 13, 5, 4.50),
(421, 13, 5, 3.10),
(422, 13, 5, 6.00),
(423, 13, 6, 4.10),
(424, 13, 6, 5.99),
(425, 13, 6, 3.75),
(426, 13, 7, 4.00),
(427, 13, 7, 5.25),
(428, 13, 7, 6.00),
(429, 13, 8, 3.10),
(430, 13, 8, 5.99),
(431, 13, 9, 3.99),
(432, 13, 9, 4.75),
(433, 13, 9, 4.75),
(434, 13, 10, 5.75),
(435, 13, 10, 4.99),
(436, 13, 11, 2.10),
(437, 13, 11, 2.00),
(438, 13, 11, 4.50),
(439, 14, 1, 4.50),
(440, 14, 1, 4.50),
(441, 14, 1, 4.00),
(442, 14, 1, 4.99),
(443, 14, 2, 4.25),
(444, 14, 2, 4.10),
(445, 14, 2, 2.75),
(446, 14, 3, 5.99),
(447, 14, 3, 3.75),
(448, 14, 3, 2.50),
(449, 14, 3, 5.10),
(450, 14, 4, 2.75),
(451, 14, 4, 4.00),
(452, 14, 4, 3.75),
(453, 14, 4, 3.75),
(454, 14, 5, 4.99),
(455, 14, 5, 3.00),
(456, 14, 5, 4.10),
(457, 14, 6, 2.00),
(458, 14, 6, 3.25),
(459, 14, 6, 2.25),
(460, 14, 7, 3.00),
(461, 14, 7, 4.25),
(462, 14, 7, 4.99),
(463, 14, 7, 6.00),
(464, 14, 8, 3.99),
(465, 14, 8, 3.50),
(466, 14, 8, 2.00),
(467, 14, 8, 4.10),
(468, 14, 9, 4.00),
(469, 14, 9, 2.25),
(470, 14, 9, 2.50),
(471, 14, 9, 4.00),
(472, 14, 10, 5.50),
(473, 14, 10, 3.00),
(474, 14, 10, 5.00),
(475, 14, 10, 3.00),
(476, 14, 11, 2.50),
(477, 14, 11, 3.75),
(478, 14, 11, 5.99),
(479, 15, 1, 3.25),
(480, 15, 1, 3.00),
(481, 15, 1, 4.50),
(482, 15, 1, 3.25),
(483, 15, 2, 6.00),
(484, 15, 2, 2.99),
(485, 15, 2, 2.10),
(486, 15, 2, 2.10),
(487, 15, 3, 2.00),
(488, 15, 3, 3.25),
(489, 15, 3, 5.50),
(490, 15, 4, 3.99),
(491, 15, 4, 3.75),
(492, 15, 4, 2.25),
(493, 15, 4, 3.50),
(494, 15, 5, 3.75),
(495, 15, 5, 4.75),
(496, 15, 5, 2.10),
(497, 15, 6, 5.99),
(498, 15, 6, 2.75),
(499, 15, 7, 5.25),
(500, 15, 7, 2.00),
(501, 15, 7, 5.25),
(502, 15, 8, 4.00),
(503, 15, 8, 4.25),
(504, 15, 9, 3.99),
(505, 15, 9, 3.25),
(506, 15, 9, 2.75),
(507, 15, 10, 5.10),
(508, 15, 10, 5.99),
(509, 15, 10, 3.00),
(510, 15, 11, 2.75),
(511, 15, 11, 5.10),
(512, 16, 1, 2.99),
(513, 16, 1, 2.99),
(514, 16, 1, 5.00),
(515, 16, 2, 6.00),
(516, 16, 2, 4.25),
(517, 16, 3, 4.00),
(518, 16, 3, 5.10),
(519, 16, 4, 2.00),
(520, 16, 4, 2.00),
(521, 16, 5, 3.75),
(522, 16, 5, 5.50),
(523, 16, 5, 2.50),
(524, 16, 5, 5.75),
(525, 16, 6, 5.99),
(526, 16, 6, 4.25),
(527, 16, 6, 4.50),
(528, 16, 6, 2.75),
(529, 16, 7, 2.25),
(530, 16, 7, 2.00),
(531, 16, 7, 2.00),
(532, 16, 7, 4.25),
(533, 16, 8, 2.50),
(534, 16, 8, 5.50),
(535, 16, 9, 2.75),
(536, 16, 9, 2.00),
(537, 16, 9, 3.25),
(538, 16, 9, 3.99),
(539, 16, 10, 3.50),
(540, 16, 10, 3.00),
(541, 16, 10, 5.00),
(542, 16, 10, 6.00),
(543, 16, 11, 5.10),
(544, 16, 11, 4.10),
(545, 16, 11, 5.25),
(546, 16, 11, 2.75),
(547, 17, 1, 6.00),
(548, 17, 1, 5.50),
(549, 17, 2, 4.10),
(550, 17, 2, 2.25),
(551, 17, 2, 2.10),
(552, 17, 3, 5.75),
(553, 17, 3, 4.25),
(554, 17, 3, 5.10),
(555, 17, 3, 2.99),
(556, 17, 4, 6.00),
(557, 17, 4, 4.99),
(558, 17, 4, 4.99),
(559, 17, 5, 2.10),
(560, 17, 5, 4.50),
(561, 17, 5, 2.50),
(562, 17, 5, 4.25),
(563, 17, 6, 3.10),
(564, 17, 6, 4.99),
(565, 17, 6, 5.75),
(566, 17, 6, 3.99),
(567, 17, 7, 5.75),
(568, 17, 7, 4.75),
(569, 17, 7, 4.50),
(570, 17, 8, 3.50),
(571, 17, 8, 4.50),
(572, 17, 8, 4.75),
(573, 17, 9, 5.10),
(574, 17, 9, 3.75),
(575, 17, 9, 2.50),
(576, 17, 9, 3.25),
(577, 17, 10, 4.00),
(578, 17, 10, 5.99),
(579, 17, 10, 5.25),
(580, 17, 11, 3.50),
(581, 17, 11, 2.99),
(582, 17, 11, 5.00),
(583, 18, 1, 5.10),
(584, 18, 1, 2.00),
(585, 18, 1, 4.00),
(586, 18, 1, 3.75),
(587, 18, 2, 3.75),
(588, 18, 2, 3.10),
(589, 18, 2, 2.00),
(590, 18, 3, 5.75),
(591, 18, 3, 4.00),
(592, 18, 3, 5.10),
(593, 18, 4, 5.75),
(594, 18, 4, 2.00),
(595, 18, 4, 6.00),
(596, 18, 5, 2.50),
(597, 18, 5, 3.25),
(598, 18, 5, 3.75),
(599, 18, 5, 2.00),
(600, 18, 6, 2.00),
(601, 18, 6, 4.00),
(602, 18, 6, 3.99),
(603, 18, 7, 3.25),
(604, 18, 7, 3.50),
(605, 18, 7, 4.75),
(606, 18, 7, 4.10),
(607, 18, 8, 3.75),
(608, 18, 8, 3.99),
(609, 18, 9, 5.50),
(610, 18, 9, 3.50),
(611, 18, 10, 5.50),
(612, 18, 10, 3.99),
(613, 18, 10, 5.75),
(614, 18, 10, 2.10),
(615, 18, 11, 2.25),
(616, 18, 11, 3.00),
(617, 18, 11, 3.50),
(618, 19, 1, 5.00),
(619, 19, 1, 3.25),
(620, 19, 2, 4.25),
(621, 19, 2, 3.99),
(622, 19, 2, 6.00),
(623, 19, 3, 2.10),
(624, 19, 3, 5.00),
(625, 19, 3, 5.75),
(626, 19, 4, 5.00),
(627, 19, 4, 4.99),
(628, 19, 4, 3.99),
(629, 19, 4, 5.25),
(630, 19, 5, 2.25),
(631, 19, 5, 4.25),
(632, 19, 5, 4.25),
(633, 19, 5, 5.25),
(634, 19, 6, 2.50),
(635, 19, 6, 5.10),
(636, 19, 7, 5.50),
(637, 19, 7, 4.50),
(638, 19, 7, 3.50),
(639, 19, 8, 2.25),
(640, 19, 8, 3.10),
(641, 19, 9, 3.99),
(642, 19, 9, 5.50),
(643, 19, 10, 5.50),
(644, 19, 10, 4.99),
(645, 19, 10, 3.99),
(646, 19, 10, 5.25),
(647, 19, 11, 5.10),
(648, 19, 11, 4.10),
(649, 19, 11, 2.50),
(650, 19, 11, 2.10),
(651, 20, 1, 3.50),
(652, 20, 1, 5.50),
(653, 20, 1, 5.75),
(654, 20, 1, 5.00),
(655, 20, 2, 2.25),
(656, 20, 2, 2.10),
(657, 20, 2, 3.00),
(658, 20, 2, 3.75),
(659, 20, 3, 5.99),
(660, 20, 3, 3.25),
(661, 20, 4, 2.00),
(662, 20, 4, 3.75),
(663, 20, 5, 3.10),
(664, 20, 5, 2.75),
(665, 20, 5, 4.99),
(666, 20, 6, 3.25),
(667, 20, 6, 6.00),
(668, 20, 7, 4.10),
(669, 20, 7, 3.25),
(670, 20, 7, 5.25),
(671, 20, 8, 2.00),
(672, 20, 8, 3.99),
(673, 20, 8, 4.00),
(674, 20, 8, 2.00),
(675, 20, 9, 5.10),
(676, 20, 9, 5.10),
(677, 20, 9, 4.99),
(678, 20, 10, 3.99),
(679, 20, 10, 3.50),
(680, 20, 10, 2.00),
(681, 20, 10, 4.99),
(682, 20, 11, 5.00),
(683, 20, 11, 5.10),
(684, 20, 11, 3.10),
(685, 20, 11, 4.75),
(686, 21, 1, 2.50),
(687, 21, 1, 2.50),
(688, 21, 2, 6.00),
(689, 21, 2, 2.99),
(690, 21, 3, 2.75),
(691, 21, 3, 4.75),
(692, 21, 4, 2.50),
(693, 21, 4, 6.00),
(694, 21, 5, 2.50),
(695, 21, 5, 5.00),
(696, 21, 6, 5.00),
(697, 21, 6, 4.00),
(698, 21, 6, 4.50),
(699, 21, 6, 2.00),
(700, 21, 7, 3.00),
(701, 21, 7, 3.00),
(702, 21, 8, 3.75),
(703, 21, 8, 5.25),
(704, 21, 9, 5.50),
(705, 21, 9, 4.99),
(706, 21, 9, 5.50),
(707, 21, 10, 5.75),
(708, 21, 10, 2.10),
(709, 21, 11, 5.10),
(710, 21, 11, 3.75),
(711, 21, 11, 4.10),
(712, 22, 1, 2.99),
(713, 22, 1, 2.00),
(714, 22, 1, 4.75),
(715, 22, 2, 5.25),
(716, 22, 2, 3.99),
(717, 22, 3, 3.99),
(718, 22, 3, 2.25),
(719, 22, 4, 2.00),
(720, 22, 4, 4.10),
(721, 22, 4, 6.00),
(722, 22, 4, 6.00),
(723, 22, 5, 2.00),
(724, 22, 5, 3.50),
(725, 22, 5, 5.00),
(726, 22, 5, 4.25),
(727, 22, 6, 3.50),
(728, 22, 6, 5.75),
(729, 22, 6, 3.00),
(730, 22, 6, 5.99),
(731, 22, 7, 4.10),
(732, 22, 7, 3.99),
(733, 22, 8, 4.75),
(734, 22, 8, 2.99),
(735, 22, 8, 2.25),
(736, 22, 8, 2.10),
(737, 22, 9, 5.25),
(738, 22, 9, 2.00),
(739, 22, 10, 2.10),
(740, 22, 10, 4.10),
(741, 22, 11, 4.10),
(742, 22, 11, 4.10),
(743, 23, 1, 3.99),
(744, 23, 1, 3.50),
(745, 23, 1, 4.25),
(746, 23, 1, 5.50),
(747, 23, 2, 2.25),
(748, 23, 2, 5.10),
(749, 23, 2, 5.10),
(750, 23, 3, 5.00),
(751, 23, 3, 4.10),
(752, 23, 3, 3.75),
(753, 23, 3, 6.00),
(754, 23, 4, 4.00),
(755, 23, 4, 3.99),
(756, 23, 5, 2.00),
(757, 23, 5, 4.99),
(758, 23, 5, 2.00),
(759, 23, 5, 4.10),
(760, 23, 6, 4.50),
(761, 23, 6, 4.99),
(762, 23, 6, 2.99),
(763, 23, 7, 4.75),
(764, 23, 7, 3.00),
(765, 23, 7, 4.75),
(766, 23, 7, 4.25),
(767, 23, 8, 5.10),
(768, 23, 8, 2.00),
(769, 23, 9, 2.50),
(770, 23, 9, 4.50),
(771, 23, 9, 2.10),
(772, 23, 10, 4.50),
(773, 23, 10, 2.25),
(774, 23, 11, 4.50),
(775, 23, 11, 6.00),
(776, 23, 11, 2.10),
(777, 23, 11, 2.99),
(778, 24, 1, 4.10),
(779, 24, 1, 4.99),
(780, 24, 1, 4.25),
(781, 24, 2, 4.00),
(782, 24, 2, 5.50),
(783, 24, 3, 2.99),
(784, 24, 3, 5.50),
(785, 24, 3, 4.25),
(786, 24, 4, 4.75),
(787, 24, 4, 3.50),
(788, 24, 4, 3.99),
(789, 24, 5, 2.99),
(790, 24, 5, 5.50),
(791, 24, 6, 2.75),
(792, 24, 6, 4.00),
(793, 24, 7, 3.10),
(794, 24, 7, 4.50),
(795, 24, 8, 2.50),
(796, 24, 8, 3.99),
(797, 24, 8, 2.50),
(798, 24, 9, 5.25),
(799, 24, 9, 4.75),
(800, 24, 10, 3.00),
(801, 24, 10, 2.75),
(802, 24, 11, 2.10),
(803, 24, 11, 4.99),
(804, 24, 11, 3.75),
(805, 25, 1, 5.25),
(806, 25, 1, 2.75),
(807, 25, 2, 4.00),
(808, 25, 2, 3.10),
(809, 25, 2, 3.10),
(810, 25, 2, 5.25),
(811, 25, 3, 3.50),
(812, 25, 3, 5.75),
(813, 25, 4, 3.75),
(814, 25, 4, 4.00),
(815, 25, 4, 4.50),
(816, 25, 4, 4.50),
(817, 25, 5, 6.00),
(818, 25, 5, 6.00),
(819, 25, 5, 5.10),
(820, 25, 6, 5.99),
(821, 25, 6, 5.10),
(822, 25, 6, 3.99),
(823, 25, 6, 6.00),
(824, 25, 7, 5.75),
(825, 25, 7, 6.00),
(826, 25, 8, 2.75),
(827, 25, 8, 4.25),
(828, 25, 8, 2.25),
(829, 25, 8, 2.75),
(830, 25, 9, 4.00),
(831, 25, 9, 2.00),
(832, 25, 9, 4.99),
(833, 25, 10, 3.25),
(834, 25, 10, 5.00),
(835, 25, 11, 4.00),
(836, 25, 11, 5.00),
(837, 26, 1, 5.99),
(838, 26, 1, 3.25),
(839, 26, 1, 2.50),
(840, 26, 1, 5.75),
(841, 26, 2, 3.25),
(842, 26, 2, 3.75),
(843, 26, 2, 3.10),
(844, 26, 3, 4.50),
(845, 26, 3, 3.99),
(846, 26, 3, 5.50),
(847, 26, 3, 5.10),
(848, 26, 4, 5.00),
(849, 26, 4, 2.25),
(850, 26, 4, 2.25),
(851, 26, 5, 4.25),
(852, 26, 5, 4.75),
(853, 26, 6, 4.00),
(854, 26, 6, 3.00),
(855, 26, 6, 4.50),
(856, 26, 7, 3.25),
(857, 26, 7, 4.75),
(858, 26, 7, 6.00),
(859, 26, 7, 3.25),
(860, 26, 8, 3.99),
(861, 26, 8, 5.75),
(862, 26, 8, 5.99),
(863, 26, 8, 4.99),
(864, 26, 9, 3.25),
(865, 26, 9, 5.00),
(866, 26, 10, 3.00),
(867, 26, 10, 3.25),
(868, 26, 10, 4.00),
(869, 26, 10, 6.00),
(870, 26, 11, 3.00),
(871, 26, 11, 5.10),
(872, 27, 1, 6.00),
(873, 27, 1, 5.99),
(874, 27, 1, 2.99),
(875, 27, 2, 3.25),
(876, 27, 2, 5.00),
(877, 27, 2, 4.75),
(878, 27, 2, 5.10),
(879, 27, 3, 2.75),
(880, 27, 3, 5.10),
(881, 27, 4, 5.99),
(882, 27, 4, 5.25),
(883, 27, 5, 2.75),
(884, 27, 5, 4.99),
(885, 27, 5, 4.50),
(886, 27, 6, 3.10),
(887, 27, 6, 4.75),
(888, 27, 6, 5.25),
(889, 27, 6, 6.00),
(890, 27, 7, 2.25),
(891, 27, 7, 2.50),
(892, 27, 8, 5.99),
(893, 27, 8, 5.75),
(894, 27, 8, 3.10),
(895, 27, 9, 5.00),
(896, 27, 9, 4.25),
(897, 27, 10, 2.25),
(898, 27, 10, 3.75),
(899, 27, 11, 2.50),
(900, 27, 11, 3.25),
(901, 27, 11, 3.75),
(902, 28, 1, 5.75),
(903, 28, 1, 3.75),
(904, 28, 1, 5.10),
(905, 28, 1, 3.10),
(906, 28, 2, 4.00),
(907, 28, 2, 2.75),
(908, 28, 3, 2.00),
(909, 28, 3, 2.00),
(910, 28, 3, 2.50),
(911, 28, 4, 2.75),
(912, 28, 4, 3.99),
(913, 28, 5, 4.99),
(914, 28, 5, 5.50),
(915, 28, 5, 4.10),
(916, 28, 5, 5.99),
(917, 28, 6, 3.99),
(918, 28, 6, 4.25),
(919, 28, 6, 3.99),
(920, 28, 6, 4.75),
(921, 28, 7, 3.50),
(922, 28, 7, 4.75),
(923, 28, 7, 3.99),
(924, 28, 7, 5.00),
(925, 28, 8, 3.10),
(926, 28, 8, 2.00),
(927, 28, 8, 2.75),
(928, 28, 9, 4.00),
(929, 28, 9, 2.50),
(930, 28, 10, 4.10),
(931, 28, 10, 4.50),
(932, 28, 10, 3.25),
(933, 28, 10, 2.10),
(934, 28, 11, 4.50),
(935, 28, 11, 2.00),
(936, 29, 1, 3.50),
(937, 29, 1, 2.50),
(938, 29, 1, 3.10),
(939, 29, 1, 5.99),
(940, 29, 2, 3.25),
(941, 29, 2, 3.10),
(942, 29, 2, 2.25),
(943, 29, 3, 2.99),
(944, 29, 3, 2.00),
(945, 29, 4, 5.50),
(946, 29, 4, 3.00),
(947, 29, 4, 4.25),
(948, 29, 4, 4.25),
(949, 29, 5, 4.75),
(950, 29, 5, 3.10),
(951, 29, 5, 3.75),
(952, 29, 6, 4.50),
(953, 29, 6, 5.25),
(954, 29, 6, 4.99),
(955, 29, 6, 4.00),
(956, 29, 7, 2.10),
(957, 29, 7, 4.75),
(958, 29, 7, 3.25),
(959, 29, 8, 2.50),
(960, 29, 8, 4.99),
(961, 29, 8, 2.75),
(962, 29, 8, 4.10),
(963, 29, 9, 5.99),
(964, 29, 9, 2.25),
(965, 29, 10, 6.00),
(966, 29, 10, 5.25),
(967, 29, 11, 4.50),
(968, 29, 11, 5.00),
(969, 29, 11, 4.25),
(970, 29, 11, 2.75),
(971, 30, 1, 5.25),
(972, 30, 1, 6.00),
(973, 30, 2, 4.00),
(974, 30, 2, 3.25),
(975, 30, 2, 2.25),
(976, 30, 2, 2.00),
(977, 30, 3, 4.99),
(978, 30, 3, 4.00),
(979, 30, 4, 3.25),
(980, 30, 4, 2.75),
(981, 30, 5, 2.00),
(982, 30, 5, 3.25),
(983, 44, 2, 4.25),
(984, 44, 2, 2.75),
(985, 44, 2, 5.25),
(986, 44, 3, 4.25),
(987, 44, 3, 4.50),
(988, 44, 3, 4.00),
(989, 44, 3, 3.50),
(990, 44, 4, 4.25),
(991, 44, 4, 3.50),
(992, 44, 4, 3.99),
(993, 44, 5, 2.50),
(994, 44, 5, 2.50),
(995, 44, 5, 3.00),
(996, 44, 5, 4.25),
(997, 44, 6, 5.50),
(998, 44, 6, 5.10),
(999, 44, 6, 3.75)

INSERT INTO StudentsSubjects (Id, StudentId, SubjectId, Grade) VALUES
(1000, 44, 6, 3.10),
(1001, 44, 7, 5.00),
(1002, 44, 7, 4.00),
(1003, 44, 7, 5.10),
(1004, 44, 7, 5.99),
(1005, 44, 8, 4.00),
(1006, 44, 8, 4.25),
(1007, 44, 8, 5.75),
(1008, 44, 8, 2.50),
(1009, 44, 9, 3.00),
(1010, 44, 9, 4.75),
(1011, 44, 9, 3.00),
(1012, 44, 10, 4.99),
(1013, 44, 10, 4.75),
(1014, 44, 11, 3.10),
(1015, 44, 11, 2.99),
(1016, 45, 1, 5.10),
(1017, 45, 1, 2.99),
(1018, 45, 2, 5.50),
(1019, 45, 2, 5.00),
(1020, 45, 2, 2.50),
(1021, 45, 3, 5.10),
(1022, 45, 3, 3.75),
(1023, 45, 3, 3.00),
(1024, 45, 4, 5.10),
(1025, 45, 4, 6.00),
(1026, 45, 4, 2.00),
(1027, 45, 5, 5.75),
(1028, 45, 5, 4.10),
(1029, 45, 5, 3.50),
(1030, 45, 5, 3.75),
(1031, 45, 6, 4.99),
(1032, 45, 6, 3.75),
(1033, 45, 6, 6.00),
(1034, 45, 7, 2.99),
(1035, 45, 7, 2.99),
(1036, 45, 7, 4.25),
(1037, 45, 8, 4.50),
(1038, 45, 8, 5.25),
(1039, 45, 8, 3.00),
(1040, 45, 8, 2.99),
(1041, 45, 9, 5.75),
(1042, 45, 9, 5.50),
(1043, 45, 9, 2.99),
(1044, 45, 9, 4.50),
(1045, 45, 10, 5.99),
(1046, 45, 10, 3.75),
(1047, 45, 10, 5.50),
(1048, 45, 10, 4.10),
(1049, 45, 11, 4.50),
(1050, 45, 11, 5.50),
(1051, 46, 1, 3.50),
(1052, 46, 1, 6.00),
(1053, 46, 2, 4.00),
(1054, 46, 2, 5.25),
(1055, 46, 3, 4.50),
(1056, 46, 3, 3.25),
(1057, 46, 3, 2.75),
(1058, 46, 3, 2.25),
(1059, 46, 4, 5.00),
(1060, 46, 4, 3.25),
(1061, 46, 4, 3.00),
(1062, 46, 4, 3.00),
(1063, 46, 5, 5.75),
(1064, 46, 5, 3.25),
(1065, 46, 5, 4.99),
(1066, 46, 6, 4.10),
(1067, 46, 6, 5.50),
(1068, 46, 6, 5.50),
(1069, 46, 6, 3.10),
(1070, 46, 7, 4.25),
(1071, 46, 7, 2.75),
(1072, 46, 8, 3.99),
(1073, 46, 8, 5.50),
(1074, 46, 8, 5.75),
(1075, 46, 8, 2.10),
(1076, 46, 9, 4.99),
(1077, 46, 9, 4.10),
(1078, 46, 9, 3.25),
(1079, 46, 10, 5.50),
(1080, 46, 10, 4.99),
(1081, 46, 11, 3.25),
(1082, 46, 11, 3.25),
(1083, 47, 1, 4.00),
(1084, 47, 1, 5.99),
(1085, 47, 1, 4.25),
(1086, 47, 2, 3.50),
(1087, 47, 2, 5.75),
(1088, 47, 3, 3.50),
(1089, 47, 3, 4.50),
(1090, 47, 4, 4.25),
(1091, 47, 4, 3.75),
(1092, 47, 4, 3.10),
(1093, 47, 5, 4.50),
(1094, 47, 5, 2.75),
(1095, 47, 5, 6.00),
(1096, 47, 5, 2.99),
(1097, 47, 6, 4.50),
(1098, 47, 6, 2.10),
(1099, 47, 6, 5.75),
(1100, 47, 7, 2.00),
(1101, 47, 7, 3.50),
(1102, 47, 7, 3.99),
(1103, 47, 8, 5.75),
(1104, 47, 8, 5.10),
(1105, 47, 8, 3.25),
(1106, 47, 9, 3.50),
(1107, 47, 9, 5.99),
(1108, 47, 10, 2.25),
(1109, 47, 10, 2.10),
(1110, 47, 11, 3.10),
(1111, 47, 11, 4.00),
(1112, 48, 1, 5.99),
(1113, 48, 1, 2.99),
(1114, 48, 1, 2.00),
(1115, 48, 2, 4.50),
(1116, 48, 2, 2.00),
(1117, 48, 3, 2.99),
(1118, 48, 3, 3.10),
(1119, 48, 3, 3.50),
(1120, 48, 3, 3.99),
(1121, 48, 4, 3.99),
(1122, 48, 4, 3.99),
(1123, 48, 4, 2.25),
(1124, 48, 4, 3.10),
(1125, 48, 5, 3.10),
(1126, 48, 5, 3.50),
(1127, 48, 6, 6.00),
(1128, 48, 6, 2.10),
(1129, 48, 6, 3.25),
(1130, 48, 7, 3.00),
(1131, 48, 7, 5.99),
(1132, 48, 7, 2.99),
(1133, 48, 7, 5.50),
(1134, 48, 8, 3.10),
(1135, 48, 8, 5.00),
(1136, 48, 8, 3.75),
(1137, 48, 9, 5.00),
(1138, 48, 9, 3.75),
(1139, 48, 9, 4.10),
(1140, 48, 10, 2.99),
(1141, 48, 10, 2.25),
(1142, 48, 10, 2.10),
(1143, 48, 11, 2.50),
(1144, 48, 11, 3.25),
(1145, 49, 1, 4.50),
(1146, 49, 1, 2.00),
(1147, 49, 2, 2.75),
(1148, 49, 2, 5.10),
(1149, 49, 2, 4.10),
(1150, 49, 3, 4.25),
(1151, 49, 3, 4.50),
(1152, 49, 3, 4.25),
(1153, 49, 3, 3.25),
(1154, 49, 4, 4.50),
(1155, 49, 4, 5.00),
(1156, 49, 4, 4.50),
(1157, 49, 5, 4.10),
(1158, 49, 5, 5.50),
(1159, 49, 5, 4.00),
(1160, 49, 6, 3.25),
(1161, 49, 6, 5.10),
(1162, 49, 6, 2.10),
(1163, 49, 6, 3.75),
(1164, 49, 7, 3.10),
(1165, 49, 7, 3.50),
(1166, 49, 7, 4.10),
(1167, 49, 7, 5.99),
(1168, 49, 8, 2.75),
(1169, 49, 8, 4.10),
(1170, 49, 9, 6.00),
(1171, 49, 9, 2.25),
(1172, 49, 9, 5.99),
(1173, 49, 10, 5.00),
(1174, 49, 10, 5.10),
(1175, 49, 11, 3.00),
(1176, 49, 11, 5.75),
(1177, 49, 11, 4.00),
(1178, 50, 1, 2.50),
(1179, 50, 1, 4.00),
(1180, 50, 1, 4.50),
(1181, 50, 2, 3.10),
(1182, 50, 2, 3.99),
(1183, 50, 2, 2.99),
(1184, 50, 3, 3.50),
(1185, 50, 3, 3.25),
(1186, 50, 4, 4.10),
(1187, 50, 4, 4.99),
(1188, 50, 4, 5.99),
(1189, 50, 5, 2.99),
(1190, 50, 5, 5.50),
(1191, 50, 6, 3.50),
(1192, 50, 6, 3.00),
(1193, 50, 6, 2.25),
(1194, 50, 6, 4.00),
(1195, 50, 7, 3.50),
(1196, 50, 7, 3.50),
(1197, 50, 7, 3.75),
(1198, 50, 7, 2.25),
(1199, 50, 8, 5.10),
(1200, 50, 8, 4.10),
(1201, 50, 8, 2.99),
(1202, 50, 9, 2.00),
(1203, 50, 9, 2.75),
(1204, 50, 10, 2.00),
(1205, 50, 10, 3.50),
(1206, 50, 10, 4.00),
(1207, 50, 10, 6.00),
(1208, 50, 11, 4.10),
(1209, 50, 11, 5.25),
(1210, 51, 1, 5.25),
(1211, 51, 1, 2.99),
(1212, 51, 1, 3.00),
(1213, 51, 1, 6.00),
(1214, 51, 2, 3.25),
(1215, 51, 2, 3.10),
(1216, 51, 2, 4.10),
(1217, 51, 2, 2.00),
(1218, 51, 3, 6.00),
(1219, 51, 3, 2.99),
(1220, 51, 4, 3.10),
(1221, 51, 4, 6.00),
(1222, 51, 4, 5.99),
(1223, 51, 5, 2.25),
(1224, 51, 5, 3.75),
(1225, 51, 5, 2.10),
(1226, 51, 6, 5.50),
(1227, 51, 6, 2.00),
(1228, 51, 6, 3.00),
(1229, 51, 7, 4.99),
(1230, 51, 7, 5.50),
(1231, 51, 8, 2.10),
(1232, 51, 8, 4.99),
(1233, 51, 8, 5.75),
(1234, 51, 9, 2.10),
(1235, 51, 9, 3.25),
(1236, 51, 9, 5.25),
(1237, 51, 10, 5.25),
(1238, 51, 10, 2.75),
(1239, 51, 10, 2.00),
(1240, 51, 10, 5.99),
(1241, 51, 11, 5.00),
(1242, 51, 11, 5.75),
(1243, 52, 1, 5.10),
(1244, 52, 1, 4.75),
(1245, 52, 1, 3.25),
(1246, 52, 2, 2.50),
(1247, 52, 2, 3.10),
(1248, 52, 2, 2.10),
(1249, 52, 3, 5.50),
(1250, 52, 3, 4.00),
(1251, 52, 3, 2.10),
(1252, 52, 3, 4.99),
(1253, 52, 4, 5.00),
(1254, 52, 4, 3.99),
(1255, 52, 4, 5.25),
(1256, 52, 4, 2.75),
(1257, 52, 5, 2.99),
(1258, 52, 5, 2.10),
(1259, 52, 5, 2.25),
(1260, 52, 6, 5.75),
(1261, 52, 6, 5.10),
(1262, 52, 7, 5.10),
(1263, 52, 7, 5.50),
(1264, 52, 8, 5.10),
(1265, 52, 8, 2.99),
(1266, 52, 9, 4.10),
(1267, 52, 9, 4.75),
(1268, 52, 9, 2.50),
(1269, 52, 10, 3.10),
(1270, 52, 10, 2.10),
(1271, 52, 11, 2.75),
(1272, 52, 11, 4.00),
(1273, 53, 1, 5.10),
(1274, 53, 1, 3.25),
(1275, 53, 1, 3.10),
(1276, 53, 2, 5.25),
(1277, 53, 2, 5.00),
(1278, 53, 2, 5.25),
(1279, 53, 2, 3.99),
(1280, 53, 3, 4.00),
(1281, 53, 3, 4.00),
(1282, 53, 3, 3.00),
(1283, 53, 3, 4.10),
(1284, 53, 4, 3.00),
(1285, 53, 4, 3.99),
(1286, 53, 5, 5.99),
(1287, 53, 5, 2.10),
(1288, 53, 6, 4.50),
(1289, 53, 6, 5.10),
(1290, 53, 7, 4.75),
(1291, 53, 7, 3.00),
(1292, 53, 7, 5.10),
(1293, 53, 8, 2.99),
(1294, 53, 8, 5.50),
(1295, 53, 8, 4.00),
(1296, 53, 9, 6.00),
(1297, 53, 9, 3.75),
(1298, 53, 9, 3.99),
(1299, 53, 9, 2.00),
(1300, 53, 10, 3.50),
(1301, 53, 10, 4.00),
(1302, 53, 10, 2.50),
(1303, 53, 11, 5.00),
(1304, 53, 11, 3.99),
(1305, 53, 11, 4.25),
(1306, 53, 11, 3.99),
(1307, 54, 1, 2.00),
(1308, 54, 1, 5.50),
(1309, 54, 1, 4.50),
(1310, 54, 1, 4.99),
(1311, 54, 2, 3.99),
(1312, 54, 2, 6.00),
(1313, 54, 2, 5.50),
(1314, 54, 3, 3.99),
(1315, 54, 3, 5.00),
(1316, 54, 4, 3.25),
(1317, 54, 4, 3.99),
(1318, 54, 4, 5.10),
(1319, 54, 4, 6.00),
(1320, 54, 5, 3.25),
(1321, 54, 5, 2.50),
(1322, 54, 6, 2.99),
(1323, 54, 6, 4.10),
(1324, 54, 6, 5.25),
(1325, 54, 7, 3.25),
(1326, 54, 7, 5.25),
(1327, 54, 7, 4.10),
(1328, 54, 7, 4.10),
(1329, 54, 8, 2.50),
(1330, 54, 8, 5.75),
(1331, 54, 8, 5.99),
(1332, 54, 8, 4.50),
(1333, 54, 9, 6.00),
(1334, 54, 9, 4.75),
(1335, 54, 9, 4.25),
(1336, 54, 10, 2.00),
(1337, 54, 10, 5.00),
(1338, 54, 11, 5.50),
(1339, 54, 11, 2.25),
(1340, 54, 11, 5.00),
(1341, 55, 1, 4.75),
(1342, 55, 1, 5.00),
(1343, 55, 2, 2.10),
(1344, 55, 2, 4.25),
(1345, 55, 2, 2.50),
(1346, 55, 2, 5.50),
(1347, 55, 3, 4.99),
(1348, 55, 3, 3.00),
(1349, 55, 4, 5.00),
(1350, 55, 4, 3.99),
(1351, 55, 5, 3.99),
(1352, 55, 5, 4.75),
(1353, 55, 6, 4.25),
(1354, 55, 6, 4.75),
(1355, 55, 7, 4.10),
(1356, 55, 7, 5.25),
(1357, 55, 8, 2.75),
(1358, 55, 8, 5.50),
(1359, 55, 8, 2.50),
(1360, 55, 9, 2.00),
(1361, 55, 9, 2.25),
(1362, 55, 9, 5.00),
(1363, 55, 9, 2.25),
(1364, 55, 10, 5.25),
(1365, 55, 10, 4.50),
(1366, 55, 11, 5.25),
(1367, 55, 11, 3.99),
(1368, 55, 11, 2.75),
(1369, 56, 1, 4.99),
(1370, 56, 1, 5.10),
(1371, 56, 2, 4.50),
(1372, 56, 2, 2.10),
(1373, 56, 2, 4.00),
(1374, 56, 3, 5.50),
(1375, 56, 3, 5.75),
(1376, 56, 3, 3.00),
(1377, 56, 4, 2.00),
(1378, 56, 4, 2.00),
(1379, 56, 4, 2.50),
(1380, 56, 4, 2.99),
(1381, 56, 5, 4.10),
(1382, 56, 5, 2.00),
(1383, 56, 6, 5.99),
(1384, 56, 6, 2.75),
(1385, 56, 7, 4.10),
(1386, 56, 7, 5.10),
(1387, 56, 8, 5.75),
(1388, 56, 8, 5.00),
(1389, 56, 8, 4.50),
(1390, 56, 8, 4.10),
(1391, 56, 9, 3.50),
(1392, 56, 9, 5.99),
(1393, 56, 9, 5.00),
(1394, 56, 10, 4.99),
(1395, 56, 10, 2.99),
(1396, 56, 11, 5.75),
(1397, 56, 11, 2.25),
(1398, 56, 11, 3.75),
(1399, 56, 11, 5.99),
(1400, 57, 1, 4.25),
(1401, 57, 1, 4.00),
(1402, 57, 1, 2.00),
(1403, 57, 1, 3.99),
(1404, 57, 2, 5.00),
(1405, 57, 2, 3.25),
(1406, 57, 2, 2.50),
(1407, 57, 2, 4.50),
(1408, 57, 3, 5.50),
(1409, 57, 3, 6.00),
(1410, 57, 3, 4.99),
(1411, 57, 4, 6.00),
(1412, 57, 4, 3.99),
(1413, 57, 5, 5.75),
(1414, 57, 5, 3.99),
(1415, 57, 5, 5.00),
(1416, 57, 5, 2.00),
(1417, 57, 6, 4.75),
(1418, 57, 6, 4.25),
(1419, 57, 7, 4.25),
(1420, 57, 7, 2.75),
(1421, 57, 8, 2.75),
(1422, 57, 8, 3.50),
(1423, 57, 8, 4.50),
(1424, 57, 8, 4.50),
(1425, 57, 9, 5.75),
(1426, 57, 9, 2.99),
(1427, 57, 9, 5.10),
(1428, 57, 9, 3.99),
(1429, 57, 10, 5.25),
(1430, 57, 10, 5.00),
(1431, 57, 10, 2.00),
(1432, 57, 10, 2.50),
(1433, 57, 11, 4.10),
(1434, 57, 11, 5.25),
(1435, 57, 11, 3.99),
(1436, 58, 1, 2.25),
(1437, 58, 1, 6.00),
(1438, 58, 2, 6.00),
(1439, 58, 2, 5.75),
(1440, 58, 3, 5.99),
(1441, 58, 3, 4.99),
(1442, 58, 3, 2.10),
(1443, 58, 3, 4.25),
(1444, 58, 4, 2.75),
(1445, 58, 4, 6.00),
(1446, 58, 5, 3.25),
(1447, 58, 5, 4.99),
(1448, 58, 6, 4.50),
(1449, 58, 6, 5.99),
(1450, 58, 6, 6.00),
(1451, 58, 6, 4.10),
(1452, 58, 7, 5.75),
(1453, 58, 7, 4.99),
(1454, 58, 7, 3.99),
(1455, 58, 7, 5.25),
(1456, 58, 8, 3.99),
(1457, 58, 8, 4.50),
(1458, 58, 8, 4.00),
(1459, 58, 9, 4.00),
(1460, 58, 9, 3.00),
(1461, 58, 9, 2.25),
(1462, 58, 9, 5.10),
(1463, 58, 10, 5.25),
(1464, 58, 10, 2.50),
(1465, 58, 10, 3.99),
(1466, 58, 11, 4.10),
(1467, 58, 11, 5.99),
(1468, 58, 11, 5.75),
(1469, 58, 11, 5.99),
(1470, 59, 1, 4.00),
(1471, 59, 1, 4.10),
(1472, 59, 2, 3.50),
(1473, 59, 2, 2.75),
(1474, 59, 3, 4.75),
(1475, 59, 3, 4.50),
(1476, 59, 4, 3.50),
(1477, 59, 4, 2.00),
(1478, 59, 5, 2.25),
(1479, 59, 5, 2.99),
(1480, 59, 5, 5.25),
(1481, 59, 5, 5.99),
(1482, 59, 6, 5.10),
(1483, 59, 6, 3.00),
(1484, 59, 7, 3.75),
(1485, 59, 7, 4.75),
(1486, 59, 7, 4.25),
(1487, 59, 8, 4.50),
(1488, 59, 8, 4.25),
(1489, 59, 9, 5.75),
(1490, 59, 9, 6.00),
(1491, 59, 9, 2.75),
(1492, 59, 10, 4.75),
(1493, 59, 10, 4.99),
(1494, 59, 11, 4.99),
(1495, 59, 11, 2.00),
(1496, 59, 11, 2.10),
(1497, 60, 1, 2.50),
(1498, 60, 1, 6.00),
(1499, 60, 1, 5.50),
(1500, 60, 1, 4.25),
(1501, 60, 2, 3.99),
(1502, 60, 2, 4.00),
(1503, 60, 2, 3.50),
(1504, 60, 2, 3.99),
(1505, 60, 3, 3.50),
(1506, 60, 3, 3.99),
(1507, 60, 3, 2.10),
(1508, 60, 4, 3.50),
(1509, 60, 4, 2.75),
(1510, 60, 4, 3.25),
(1511, 60, 4, 4.10),
(1512, 60, 5, 4.50),
(1513, 60, 5, 4.00),
(1514, 60, 5, 3.25),
(1515, 60, 5, 3.75),
(1516, 60, 6, 3.25),
(1517, 60, 6, 5.10),
(1518, 60, 6, 5.10),
(1519, 60, 7, 5.50),
(1520, 60, 7, 3.75),
(1521, 60, 8, 4.10),
(1522, 60, 8, 4.50),
(1523, 60, 9, 3.50),
(1524, 60, 9, 2.00),
(1525, 60, 10, 4.10),
(1526, 60, 10, 4.50),
(1527, 60, 10, 5.50),
(1528, 60, 11, 5.99),
(1529, 60, 11, 5.25),
(1530, 60, 11, 4.75),
(1531, 61, 1, 3.00),
(1532, 61, 1, 5.25),
(1533, 61, 2, 2.00),
(1534, 61, 2, 2.99),
(1535, 61, 3, 5.50),
(1536, 61, 3, 2.00),
(1537, 61, 3, 2.50),
(1538, 61, 3, 2.00),
(1539, 61, 4, 3.00),
(1540, 61, 4, 2.25),
(1541, 61, 4, 6.00),
(1542, 61, 5, 3.50),
(1543, 61, 5, 2.50),
(1544, 61, 5, 3.10),
(1545, 61, 5, 5.25),
(1546, 61, 6, 4.25),
(1547, 61, 6, 4.25),
(1548, 61, 7, 2.99),
(1549, 61, 7, 2.25),
(1550, 61, 7, 4.10),
(1551, 61, 7, 4.00),
(1552, 61, 8, 4.10),
(1553, 61, 8, 5.75),
(1554, 61, 8, 3.00),
(1555, 61, 9, 4.10),
(1556, 61, 9, 6.00),
(1557, 61, 10, 4.99),
(1558, 61, 10, 3.25),
(1559, 61, 10, 5.10),
(1560, 61, 10, 3.25),
(1561, 61, 11, 2.25),
(1562, 61, 11, 2.99),
(1563, 62, 1, 5.25),
(1564, 62, 1, 4.25),
(1565, 62, 2, 6.00),
(1566, 62, 2, 3.10),
(1567, 62, 2, 4.75),
(1568, 62, 3, 2.00),
(1569, 62, 3, 3.50),
(1570, 62, 4, 3.00),
(1571, 62, 4, 3.75),
(1572, 62, 4, 3.75),
(1573, 62, 4, 5.50),
(1574, 62, 5, 4.75),
(1575, 62, 5, 3.75),
(1576, 62, 5, 2.00),
(1577, 62, 5, 5.99),
(1578, 62, 6, 2.00),
(1579, 62, 6, 4.00),
(1580, 62, 7, 3.99),
(1581, 62, 7, 5.50),
(1582, 62, 7, 5.50),
(1583, 62, 7, 4.99),
(1584, 62, 8, 2.25),
(1585, 62, 8, 4.75),
(1586, 62, 8, 2.99),
(1587, 62, 8, 5.00),
(1588, 62, 9, 2.25),
(1589, 62, 9, 4.25),
(1590, 62, 10, 3.25),
(1591, 62, 10, 3.10),
(1592, 62, 10, 5.75),
(1593, 62, 11, 2.10),
(1594, 62, 11, 4.25),
(1595, 62, 11, 4.25),
(1596, 62, 11, 2.99),
(1597, 63, 1, 3.10),
(1598, 63, 1, 2.50),
(1599, 63, 1, 4.25),
(1600, 63, 1, 3.50),
(1601, 63, 2, 4.75),
(1602, 63, 2, 2.00),
(1603, 63, 2, 5.75),
(1604, 63, 2, 5.00),
(1605, 63, 3, 2.00),
(1606, 63, 3, 3.10),
(1607, 63, 3, 4.99),
(1608, 63, 3, 5.50),
(1609, 63, 4, 4.99),
(1610, 63, 4, 2.50),
(1611, 63, 5, 3.99),
(1612, 63, 5, 3.00),
(1613, 63, 5, 3.00),
(1614, 63, 5, 2.10),
(1615, 63, 6, 6.00),
(1616, 63, 6, 2.10),
(1617, 63, 7, 5.25),
(1618, 63, 7, 5.50),
(1619, 63, 8, 5.50),
(1620, 63, 8, 2.50),
(1621, 63, 8, 4.50),
(1622, 63, 8, 4.00),
(1623, 63, 9, 3.10),
(1624, 63, 9, 3.99),
(1625, 63, 10, 2.50),
(1626, 63, 10, 5.99),
(1627, 63, 10, 5.00),
(1628, 63, 10, 5.99),
(1629, 63, 11, 2.10),
(1630, 63, 11, 5.99),
(1631, 63, 11, 3.10),
(1632, 64, 1, 3.50),
(1633, 64, 1, 2.50),
(1634, 64, 1, 3.99),
(1635, 64, 1, 5.00),
(1636, 64, 2, 4.50),
(1637, 64, 2, 5.50),
(1638, 64, 2, 4.99),
(1639, 64, 3, 5.99),
(1640, 64, 3, 5.50),
(1641, 64, 3, 3.10),
(1642, 64, 4, 4.25),
(1643, 64, 4, 4.10),
(1644, 64, 5, 4.75),
(1645, 64, 5, 4.25),
(1646, 64, 5, 3.99),
(1647, 64, 5, 2.50),
(1648, 64, 6, 2.99),
(1649, 64, 6, 3.10),
(1650, 64, 6, 3.75),
(1651, 64, 7, 5.00),
(1652, 64, 7, 3.99),
(1653, 64, 7, 3.75),
(1654, 64, 8, 3.75),
(1655, 64, 8, 5.00),
(1656, 64, 9, 3.75),
(1657, 64, 9, 2.00),
(1658, 64, 9, 3.50),
(1659, 64, 9, 3.50),
(1660, 64, 10, 6.00),
(1661, 64, 10, 5.99),
(1662, 64, 11, 4.00),
(1663, 64, 11, 4.00),
(1664, 65, 1, 2.10),
(1665, 65, 1, 3.25),
(1666, 65, 1, 3.10),
(1667, 65, 2, 2.25),
(1668, 65, 2, 5.75),
(1669, 65, 2, 5.10),
(1670, 65, 2, 4.50),
(1671, 65, 3, 2.75),
(1672, 65, 3, 5.75),
(1673, 65, 4, 5.50),
(1674, 65, 4, 4.25),
(1675, 65, 4, 5.00),
(1676, 65, 4, 5.50),
(1677, 65, 5, 5.75),
(1678, 65, 5, 2.75),
(1679, 65, 5, 3.50),
(1680, 65, 6, 5.99),
(1681, 65, 6, 5.00),
(1682, 65, 6, 4.25),
(1683, 65, 6, 5.10),
(1684, 65, 7, 5.75),
(1685, 65, 7, 4.00),
(1686, 65, 7, 3.75),
(1687, 65, 7, 3.25),
(1688, 65, 8, 3.50),
(1689, 65, 8, 5.00),
(1690, 65, 8, 3.99),
(1691, 65, 8, 6.00),
(1692, 65, 9, 6.00),
(1693, 65, 9, 4.50),
(1694, 65, 9, 2.25),
(1695, 65, 9, 3.00),
(1696, 65, 10, 4.10),
(1697, 65, 10, 3.00),
(1698, 65, 11, 3.00),
(1699, 65, 11, 5.10),
(1700, 65, 11, 3.00),
(1701, 66, 1, 2.10),
(1702, 66, 1, 5.25),
(1703, 66, 1, 2.00),
(1704, 66, 2, 2.10),
(1705, 66, 2, 5.50),
(1706, 66, 3, 5.50),
(1707, 66, 3, 3.10),
(1708, 66, 3, 3.75),
(1709, 66, 4, 5.99),
(1710, 66, 4, 5.00),
(1711, 66, 4, 6.00),
(1712, 66, 4, 5.99),
(1713, 66, 5, 6.00),
(1714, 66, 5, 3.00),
(1715, 66, 5, 5.75),
(1716, 66, 6, 3.25),
(1717, 66, 6, 4.75),
(1718, 66, 7, 5.00),
(1719, 66, 7, 4.10),
(1720, 66, 7, 4.75),
(1721, 66, 8, 5.99),
(1722, 66, 8, 3.75),
(1723, 66, 9, 2.10),
(1724, 66, 9, 4.99),
(1725, 66, 10, 2.10),
(1726, 66, 10, 2.75),
(1727, 66, 10, 3.10),
(1728, 66, 11, 4.25),
(1729, 66, 11, 2.10),
(1730, 67, 1, 5.00),
(1731, 67, 1, 5.25),
(1732, 67, 1, 2.99),
(1733, 67, 2, 4.25),
(1734, 67, 2, 5.75),
(1735, 67, 3, 5.10),
(1736, 67, 3, 3.10),
(1737, 67, 4, 2.50),
(1738, 67, 4, 5.00),
(1739, 67, 4, 4.25),
(1740, 67, 5, 5.99),
(1741, 67, 5, 2.50),
(1742, 67, 5, 5.99),
(1743, 67, 5, 2.00),
(1744, 67, 6, 2.50),
(1745, 67, 6, 4.00),
(1746, 67, 7, 2.75),
(1747, 67, 7, 5.99),
(1748, 67, 8, 5.25),
(1749, 67, 8, 3.00),
(1750, 67, 9, 4.10),
(1751, 67, 9, 3.50),
(1752, 67, 9, 3.00),
(1753, 67, 10, 5.99),
(1754, 67, 10, 2.00),
(1755, 67, 11, 2.99),
(1756, 67, 11, 2.50),
(1757, 68, 1, 5.75),
(1758, 68, 1, 3.25),
(1759, 68, 2, 2.10),
(1760, 68, 2, 3.50),
(1761, 68, 3, 4.99),
(1762, 68, 3, 2.10),
(1763, 68, 3, 5.25),
(1764, 68, 3, 2.99),
(1765, 68, 4, 5.00),
(1766, 68, 4, 2.25),
(1767, 68, 4, 5.00),
(1768, 68, 4, 6.00),
(1769, 68, 5, 5.25),
(1770, 68, 5, 3.00),
(1771, 68, 5, 3.50),
(1772, 68, 6, 5.75),
(1773, 68, 6, 4.00),
(1774, 68, 7, 4.00),
(1775, 68, 7, 5.99),
(1776, 68, 7, 4.75),
(1777, 68, 8, 5.00),
(1778, 68, 8, 4.00),
(1779, 68, 8, 3.10),
(1780, 68, 8, 4.00),
(1781, 68, 9, 5.00),
(1782, 68, 9, 4.50),
(1783, 68, 9, 5.50),
(1784, 68, 10, 4.99),
(1785, 68, 10, 2.75),
(1786, 68, 10, 4.25),
(1787, 68, 10, 2.50),
(1788, 68, 11, 5.10),
(1789, 68, 11, 4.99),
(1790, 68, 11, 5.10),
(1791, 68, 11, 3.10),
(1792, 69, 1, 6.00),
(1793, 69, 1, 2.99),
(1794, 69, 1, 5.50),
(1795, 69, 2, 5.99),
(1796, 69, 2, 4.25),
(1797, 69, 3, 5.25),
(1798, 69, 3, 5.50),
(1799, 69, 3, 2.50),
(1800, 69, 4, 3.50),
(1801, 69, 4, 5.25),
(1802, 69, 4, 3.99),
(1803, 69, 4, 4.50),
(1804, 69, 5, 3.00),
(1805, 69, 5, 3.00),
(1806, 69, 5, 3.99),
(1807, 69, 5, 2.25),
(1808, 69, 6, 2.99),
(1809, 69, 6, 4.50),
(1810, 69, 6, 2.00),
(1811, 69, 6, 4.99),
(1812, 69, 7, 3.50),
(1813, 69, 7, 5.99),
(1814, 69, 7, 5.25),
(1815, 69, 8, 4.00),
(1816, 69, 8, 3.10),
(1817, 69, 8, 5.99),
(1818, 69, 8, 2.50),
(1819, 69, 9, 3.25),
(1820, 69, 9, 4.25),
(1821, 69, 9, 2.99),
(1822, 69, 10, 4.75),
(1823, 69, 10, 4.50),
(1824, 69, 11, 3.99),
(1825, 69, 11, 3.99),
(1826, 69, 11, 4.75),
(1827, 70, 1, 2.25),
(1828, 70, 1, 5.50),
(1829, 70, 2, 5.99),
(1830, 70, 2, 2.99),
(1831, 70, 3, 2.00),
(1832, 70, 3, 5.75),
(1833, 70, 4, 4.00),
(1834, 70, 4, 3.25),
(1835, 70, 4, 4.10),
(1836, 70, 5, 3.10),
(1837, 70, 5, 5.75),
(1838, 70, 6, 4.99),
(1839, 70, 6, 5.00),
(1840, 70, 6, 3.25),
(1841, 70, 7, 2.50),
(1842, 70, 7, 3.50),
(1843, 70, 8, 2.00),
(1844, 70, 8, 5.50),
(1845, 70, 8, 5.10),
(1846, 70, 8, 5.75),
(1847, 70, 9, 2.99),
(1848, 70, 9, 5.50),
(1849, 70, 9, 3.99),
(1850, 70, 10, 2.25),
(1851, 70, 10, 3.50),
(1852, 70, 10, 6.00),
(1853, 70, 10, 3.00),
(1854, 70, 11, 4.50),
(1855, 70, 11, 3.25),
(1856, 70, 11, 2.10),
(1857, 71, 1, 5.00),
(1858, 71, 1, 3.50),
(1859, 71, 1, 4.50),
(1860, 71, 1, 4.99),
(1861, 71, 2, 5.75),
(1862, 71, 2, 4.00),
(1863, 71, 2, 3.99),
(1864, 71, 2, 2.00),
(1865, 71, 3, 3.99),
(1866, 71, 3, 5.50),
(1867, 71, 3, 2.99),
(1868, 71, 4, 3.75),
(1869, 71, 4, 5.10),
(1870, 71, 4, 6.00),
(1871, 71, 5, 2.75),
(1872, 71, 5, 2.00),
(1873, 71, 5, 2.99),
(1874, 71, 5, 3.75),
(1875, 71, 6, 5.00),
(1876, 71, 6, 2.75),
(1877, 71, 6, 2.75),
(1878, 71, 7, 2.10),
(1879, 71, 7, 3.50),
(1880, 71, 7, 4.75),
(1881, 71, 8, 2.25),
(1882, 71, 8, 2.00),
(1883, 71, 8, 5.75),
(1884, 71, 8, 2.50),
(1885, 71, 9, 5.75),
(1886, 71, 9, 2.00),
(1887, 71, 9, 5.10),
(1888, 71, 9, 4.25),
(1889, 71, 10, 5.25),
(1890, 71, 10, 5.99),
(1891, 71, 11, 5.00),
(1892, 71, 11, 5.10),
(1893, 71, 11, 4.50),
(1894, 71, 11, 4.00),
(1895, 72, 1, 2.99),
(1896, 72, 1, 2.75),
(1897, 72, 2, 5.75),
(1898, 72, 2, 5.10),
(1899, 72, 2, 4.00),
(1900, 72, 3, 5.00),
(1901, 72, 3, 4.25),
(1902, 72, 4, 3.25),
(1903, 72, 4, 3.00),
(1904, 72, 5, 5.25),
(1905, 72, 5, 2.10),
(1906, 72, 6, 2.25),
(1907, 72, 6, 4.25),
(1908, 72, 6, 2.00),
(1909, 72, 7, 3.75),
(1910, 72, 7, 4.50),
(1911, 72, 8, 5.00),
(1912, 72, 8, 3.10),
(1913, 72, 8, 4.50),
(1914, 72, 9, 2.75),
(1915, 72, 9, 2.50),
(1916, 72, 10, 2.50),
(1917, 72, 10, 3.00),
(1918, 72, 10, 4.25),
(1919, 72, 10, 4.00),
(1920, 72, 11, 2.99),
(1921, 72, 11, 2.00),
(1922, 72, 11, 5.99),
(1923, 72, 11, 5.99),
(1924, 73, 1, 5.25),
(1925, 73, 1, 4.99),
(1926, 73, 2, 4.00),
(1927, 73, 2, 2.75),
(1928, 73, 3, 4.50),
(1929, 73, 3, 4.99),
(1930, 73, 4, 2.50),
(1931, 73, 4, 3.50),
(1932, 73, 4, 5.75),
(1933, 73, 5, 2.10),
(1934, 73, 5, 4.50),
(1935, 73, 6, 3.00),
(1936, 73, 6, 4.00),
(1937, 73, 6, 3.25),
(1938, 73, 7, 2.10),
(1939, 73, 7, 4.25),
(1940, 73, 7, 3.25),
(1941, 73, 7, 4.10),
(1942, 73, 8, 5.10),
(1943, 73, 8, 3.50),
(1944, 73, 8, 3.75),
(1945, 73, 8, 4.75),
(1946, 73, 9, 3.00),
(1947, 73, 9, 5.75),
(1948, 73, 9, 3.25),
(1949, 73, 10, 2.25),
(1950, 73, 10, 3.75),
(1951, 73, 10, 3.00),
(1952, 73, 11, 3.10),
(1953, 73, 11, 6.00),
(1954, 73, 11, 5.00),
(1955, 73, 11, 2.50),
(1956, 74, 1, 5.00),
(1957, 74, 1, 2.25),
(1958, 74, 2, 4.75),
(1959, 74, 2, 3.10),
(1960, 74, 2, 4.50),
(1961, 74, 2, 3.00),
(1962, 74, 3, 3.00),
(1963, 74, 3, 3.10),
(1964, 74, 3, 5.25),
(1965, 74, 3, 5.25),
(1966, 74, 4, 2.25),
(1967, 74, 4, 2.99),
(1968, 74, 4, 3.50),
(1969, 74, 4, 2.25),
(1970, 74, 5, 5.75),
(1971, 74, 5, 5.10),
(1972, 74, 5, 5.00),
(1973, 74, 6, 2.99),
(1974, 74, 6, 3.10),
(1975, 74, 6, 3.99),
(1976, 74, 7, 5.75),
(1977, 74, 7, 5.10),
(1978, 74, 7, 2.25),
(1979, 74, 8, 2.25),
(1980, 74, 8, 5.50),
(1981, 74, 8, 4.75),
(1982, 74, 8, 6.00),
(1983, 74, 9, 2.75),
(1984, 74, 9, 4.25),
(1985, 74, 9, 5.50),
(1986, 74, 10, 4.10),
(1987, 74, 10, 2.50),
(1988, 74, 10, 4.75),
(1989, 74, 10, 5.00),
(1990, 74, 11, 3.00),
(1991, 74, 11, 4.00),
(1992, 75, 1, 2.10),
(1993, 75, 1, 5.10),
(1994, 75, 1, 2.99),
(1995, 75, 1, 5.99),
(1996, 75, 2, 4.10),
(1997, 75, 2, 2.25)

INSERT INTO StudentsSubjects (Id, StudentId, SubjectId, Grade) VALUES
(1998, 75, 3, 5.25),
(1999, 75, 3, 4.25),
(2000, 75, 4, 5.75),
(2001, 75, 4, 3.50),
(2002, 75, 4, 3.75),
(2003, 75, 5, 3.25),
(2004, 75, 5, 2.10),
(2005, 75, 6, 4.75),
(2006, 75, 6, 5.50),
(2007, 75, 6, 4.75),
(2008, 75, 6, 4.00),
(2009, 75, 7, 4.10),
(2010, 75, 7, 6.00),
(2011, 75, 7, 3.25),
(2012, 75, 7, 2.25),
(2013, 75, 8, 5.25),
(2014, 75, 8, 4.50),
(2015, 75, 8, 4.75),
(2016, 75, 9, 4.99),
(2017, 75, 9, 3.99),
(2018, 75, 9, 4.25),
(2019, 75, 9, 5.00),
(2020, 75, 10, 4.99),
(2021, 75, 10, 4.10),
(2022, 75, 10, 2.10),
(2023, 75, 11, 3.50),
(2024, 75, 11, 2.99),
(2025, 76, 1, 5.99),
(2026, 76, 1, 4.75),
(2027, 76, 2, 5.50),
(2028, 76, 2, 4.75),
(2029, 76, 3, 3.50),
(2030, 76, 3, 2.10),
(2031, 76, 4, 3.25),
(2032, 76, 4, 6.00),
(2033, 76, 5, 5.00),
(2034, 76, 5, 3.75),
(2035, 76, 6, 4.75),
(2036, 76, 6, 2.75),
(2037, 76, 6, 3.99),
(2038, 76, 6, 3.00),
(2039, 76, 7, 4.75),
(2040, 76, 7, 3.50),
(2041, 76, 7, 5.99),
(2042, 76, 7, 4.50),
(2043, 76, 8, 2.99),
(2044, 76, 8, 3.99),
(2045, 76, 8, 2.25),
(2046, 76, 9, 3.25),
(2047, 76, 9, 3.10),
(2048, 76, 10, 6.00),
(2049, 76, 10, 2.50),
(2050, 76, 10, 3.25),
(2051, 76, 10, 2.00),
(2052, 76, 11, 6.00),
(2053, 76, 11, 3.75),
(2054, 76, 11, 4.00),
(2055, 76, 11, 5.99),
(2056, 77, 1, 2.50),
(2057, 77, 1, 2.10),
(2058, 77, 2, 2.00),
(2059, 77, 2, 4.99),
(2060, 77, 3, 5.00),
(2061, 77, 3, 4.50),
(2062, 77, 3, 4.25),
(2063, 77, 3, 4.10),
(2064, 77, 4, 2.00),
(2065, 77, 4, 3.50),
(2066, 77, 4, 3.00),
(2067, 77, 4, 3.99),
(2068, 77, 5, 6.00),
(2069, 77, 5, 2.75),
(2070, 77, 6, 2.00),
(2071, 77, 6, 4.75),
(2072, 77, 7, 5.10),
(2073, 77, 7, 4.99),
(2074, 77, 7, 2.00),
(2075, 77, 7, 3.25),
(2076, 77, 8, 3.50),
(2077, 77, 8, 4.00),
(2078, 77, 8, 5.99),
(2079, 77, 8, 5.10),
(2080, 77, 9, 5.00),
(2081, 77, 9, 2.10),
(2082, 77, 9, 6.00),
(2083, 77, 10, 2.50),
(2084, 77, 10, 3.00),
(2085, 77, 10, 3.00),
(2086, 77, 11, 2.10),
(2087, 77, 11, 2.99),
(2088, 78, 1, 4.00),
(2089, 78, 1, 5.25),
(2090, 78, 1, 4.99),
(2091, 78, 2, 5.10),
(2092, 78, 2, 3.10),
(2093, 78, 2, 3.10),
(2094, 78, 3, 6.00),
(2095, 78, 3, 5.75),
(2096, 78, 3, 4.75),
(2097, 78, 3, 3.50),
(2098, 78, 4, 2.00),
(2099, 78, 4, 3.00),
(2100, 78, 5, 2.25),
(2101, 78, 5, 5.10),
(2102, 78, 5, 2.25),
(2103, 78, 5, 5.50),
(2104, 78, 6, 4.00),
(2105, 78, 6, 2.50),
(2106, 78, 6, 2.00),
(2107, 78, 7, 2.00),
(2108, 78, 7, 4.10),
(2109, 78, 8, 3.99),
(2110, 78, 8, 4.75),
(2111, 78, 8, 5.00),
(2112, 78, 8, 4.99),
(2113, 78, 9, 5.99),
(2114, 78, 9, 6.00),
(2115, 78, 10, 2.10),
(2116, 78, 10, 4.25),
(2117, 78, 10, 5.10),
(2118, 78, 11, 5.75),
(2119, 78, 11, 5.99),
(2120, 78, 11, 4.00),
(2121, 78, 11, 3.10),
(2122, 79, 1, 3.99),
(2123, 79, 1, 4.00),
(2124, 79, 1, 3.10),
(2125, 79, 1, 4.50),
(2126, 79, 2, 5.50),
(2127, 79, 2, 2.99),
(2128, 79, 3, 2.25),
(2129, 79, 3, 5.25),
(2130, 79, 3, 5.00),
(2131, 79, 3, 3.75),
(2132, 79, 4, 2.75),
(2133, 79, 4, 4.00),
(2134, 79, 4, 3.99),
(2135, 79, 5, 6.00),
(2136, 79, 5, 2.25),
(2137, 79, 6, 4.75),
(2138, 79, 6, 5.75),
(2139, 79, 6, 6.00),
(2140, 79, 6, 5.10),
(2141, 79, 7, 3.50),
(2142, 79, 7, 2.99),
(2143, 79, 7, 5.00),
(2144, 79, 8, 4.75),
(2145, 79, 8, 2.75),
(2146, 79, 9, 4.10),
(2147, 79, 9, 5.99),
(2148, 79, 9, 3.25),
(2149, 79, 9, 3.00),
(2150, 79, 10, 2.00),
(2151, 79, 10, 5.99),
(2152, 79, 10, 4.00),
(2153, 79, 10, 3.00),
(2154, 79, 11, 5.25),
(2155, 79, 11, 5.50),
(2156, 79, 11, 6.00),
(2157, 79, 11, 5.75),
(2158, 80, 1, 2.50),
(2159, 80, 1, 2.00),
(2160, 80, 1, 2.00),
(2161, 80, 2, 4.99),
(2162, 80, 2, 2.50),
(2163, 80, 2, 2.75),
(2164, 80, 3, 3.00),
(2165, 80, 3, 3.00),
(2166, 80, 3, 3.00),
(2167, 80, 3, 5.99),
(2168, 80, 4, 3.50),
(2169, 80, 4, 2.99),
(2170, 80, 4, 3.25),
(2171, 80, 5, 3.50),
(2172, 80, 5, 5.00),
(2173, 80, 6, 2.75),
(2174, 80, 6, 4.10),
(2175, 80, 6, 6.00),
(2176, 80, 7, 5.50),
(2177, 80, 7, 5.10),
(2178, 80, 8, 3.25),
(2179, 80, 8, 4.50),
(2180, 80, 9, 5.25),
(2181, 80, 9, 4.10),
(2182, 80, 9, 2.99),
(2183, 80, 9, 5.00),
(2184, 80, 10, 3.99),
(2185, 80, 10, 5.00),
(2186, 80, 10, 5.75),
(2187, 80, 10, 2.75),
(2188, 80, 11, 2.25),
(2189, 80, 11, 5.25),
(2190, 81, 1, 4.99),
(2191, 81, 1, 3.75),
(2192, 81, 1, 5.10),
(2193, 81, 1, 2.10),
(2194, 81, 2, 5.00),
(2195, 81, 2, 2.50),
(2196, 81, 2, 3.50),
(2197, 81, 2, 2.99),
(2198, 81, 3, 6.00),
(2199, 81, 3, 5.75),
(2200, 81, 3, 3.10),
(2201, 81, 3, 5.10),
(2202, 81, 4, 3.25),
(2203, 81, 4, 4.75),
(2204, 81, 4, 4.10),
(2205, 81, 5, 5.99),
(2206, 81, 5, 2.50),
(2207, 81, 5, 2.75),
(2208, 81, 6, 3.99),
(2209, 81, 6, 4.25),
(2210, 81, 6, 3.00),
(2211, 81, 7, 3.25),
(2212, 81, 7, 2.00),
(2213, 81, 7, 5.75),
(2214, 81, 8, 3.00),
(2215, 81, 8, 2.25),
(2216, 81, 9, 6.00),
(2217, 81, 9, 4.10),
(2218, 81, 9, 5.25),
(2219, 81, 10, 2.75),
(2220, 81, 10, 3.25),
(2221, 81, 10, 2.99),
(2222, 81, 11, 3.25),
(2223, 81, 11, 3.10),
(2224, 82, 1, 4.10),
(2225, 82, 1, 2.99),
(2226, 82, 1, 3.75),
(2227, 82, 1, 5.99),
(2228, 82, 2, 3.00),
(2229, 82, 2, 4.00),
(2230, 82, 3, 4.25),
(2231, 82, 3, 3.50),
(2232, 82, 4, 4.99),
(2233, 82, 4, 2.00),
(2234, 82, 5, 3.10),
(2235, 82, 5, 2.00),
(2236, 82, 6, 2.10),
(2237, 82, 6, 2.00),
(2238, 82, 6, 4.10),
(2239, 82, 7, 4.10),
(2240, 82, 7, 4.10),
(2241, 82, 7, 4.00),
(2242, 82, 8, 3.00),
(2243, 82, 8, 5.99),
(2244, 82, 8, 2.25),
(2245, 82, 8, 5.99),
(2246, 97, 5, 3.50),
(2247, 97, 5, 5.00),
(2248, 97, 6, 2.75),
(2249, 97, 6, 3.99),
(2250, 97, 6, 3.25),
(2251, 97, 7, 3.00),
(2252, 97, 7, 2.50),
(2253, 97, 7, 4.00),
(2254, 97, 7, 2.99),
(2255, 97, 8, 4.25),
(2256, 97, 8, 3.00),
(2257, 97, 8, 3.00),
(2258, 97, 8, 2.75),
(2259, 97, 9, 5.25),
(2260, 97, 9, 2.50),
(2261, 97, 9, 5.00),
(2262, 97, 10, 2.10),
(2263, 97, 10, 2.25),
(2264, 97, 11, 5.75),
(2265, 97, 11, 5.25),
(2266, 98, 1, 5.00),
(2267, 98, 1, 3.99),
(2268, 98, 1, 2.25),
(2269, 98, 2, 3.10),
(2270, 98, 2, 2.99),
(2271, 98, 2, 4.99),
(2272, 98, 3, 3.99),
(2273, 98, 3, 5.10),
(2274, 98, 3, 4.99),
(2275, 98, 4, 3.99),
(2276, 98, 4, 2.99),
(2277, 98, 4, 5.10),
(2278, 98, 5, 5.00),
(2279, 98, 5, 5.75),
(2280, 98, 5, 4.25),
(2281, 98, 6, 5.10),
(2282, 98, 6, 5.25),
(2283, 98, 6, 2.75),
(2284, 98, 7, 3.50),
(2285, 98, 7, 4.25),
(2286, 98, 7, 2.99),
(2287, 98, 8, 2.10),
(2288, 98, 8, 3.50),
(2289, 98, 8, 6.00),
(2290, 98, 8, 2.00),
(2291, 98, 9, 4.99),
(2292, 98, 9, 5.50),
(2293, 98, 9, 4.10),
(2294, 98, 10, 4.10),
(2295, 98, 10, 4.75),
(2296, 98, 10, 3.50),
(2297, 98, 10, 4.50),
(2298, 98, 11, 4.10),
(2299, 98, 11, 2.50),
(2300, 98, 11, 4.50),
(2301, 99, 1, 3.50),
(2302, 99, 1, 2.99),
(2303, 99, 2, 3.50),
(2304, 99, 2, 2.25),
(2305, 99, 3, 2.10),
(2306, 99, 3, 2.99),
(2307, 99, 3, 3.25),
(2308, 99, 3, 4.75),
(2309, 99, 4, 3.99),
(2310, 99, 4, 2.00),
(2311, 99, 5, 5.00),
(2312, 99, 5, 4.99),
(2313, 99, 5, 2.10),
(2314, 99, 6, 4.10),
(2315, 99, 6, 3.75),
(2316, 99, 6, 5.25),
(2317, 99, 6, 4.00),
(2318, 99, 7, 6.00),
(2319, 99, 7, 3.50),
(2320, 99, 8, 6.00),
(2321, 99, 8, 5.99),
(2322, 99, 8, 3.99),
(2323, 99, 8, 5.75),
(2324, 99, 9, 5.10),
(2325, 99, 9, 3.99),
(2326, 99, 10, 5.99),
(2327, 99, 10, 4.99),
(2328, 99, 11, 3.50),
(2329, 99, 11, 2.00),
(2330, 100, 1, 4.75),
(2331, 100, 1, 5.75),
(2332, 100, 1, 2.25),
(2333, 100, 1, 5.75),
(2334, 100, 2, 2.10),
(2335, 100, 2, 3.00),
(2336, 100, 3, 3.50),
(2337, 100, 3, 4.50),
(2338, 100, 3, 2.99),
(2339, 100, 3, 3.99),
(2340, 100, 4, 5.99),
(2341, 100, 4, 5.99),
(2342, 100, 4, 4.50),
(2343, 100, 5, 6.00),
(2344, 100, 5, 5.00),
(2345, 100, 5, 5.75),
(2346, 100, 5, 4.99),
(2347, 100, 6, 3.99),
(2348, 100, 6, 2.75),
(2349, 100, 6, 3.50),
(2350, 100, 6, 6.00),
(2351, 100, 7, 4.99),
(2352, 100, 7, 3.00),
(2353, 100, 7, 5.10),
(2354, 100, 7, 2.99),
(2355, 100, 8, 4.10),
(2356, 100, 8, 4.10),
(2357, 100, 8, 4.00),
(2358, 100, 9, 2.50),
(2359, 100, 9, 5.75),
(2360, 100, 9, 3.99),
(2361, 100, 9, 2.00),
(2362, 100, 10, 5.10),
(2363, 100, 10, 3.10),
(2364, 100, 10, 4.25),
(2365, 100, 11, 3.10),
(2366, 100, 11, 2.50),
(2367, 100, 11, 2.99),
(2368, 101, 1, 2.10),
(2369, 101, 1, 4.25),
(2370, 101, 1, 6.00),
(2371, 101, 1, 3.50),
(2372, 101, 2, 5.00),
(2373, 101, 2, 4.10),
(2374, 101, 2, 2.50),
(2375, 101, 2, 4.75),
(2376, 101, 3, 2.00),
(2377, 101, 3, 2.10),
(2378, 101, 4, 3.50),
(2379, 101, 4, 3.10),
(2380, 101, 5, 4.10),
(2381, 101, 5, 4.50),
(2382, 101, 6, 2.75),
(2383, 101, 6, 6.00),
(2384, 101, 6, 2.75),
(2385, 101, 7, 3.00),
(2386, 101, 7, 3.75),
(2387, 101, 7, 3.00),
(2388, 101, 7, 4.75),
(2389, 101, 8, 4.50),
(2390, 101, 8, 4.00),
(2391, 101, 9, 4.10),
(2392, 101, 9, 2.99),
(2393, 101, 9, 4.50),
(2394, 101, 9, 5.99),
(2395, 101, 10, 6.00),
(2396, 101, 10, 5.00),
(2397, 101, 10, 3.75),
(2398, 101, 10, 4.00),
(2399, 101, 11, 3.00),
(2400, 101, 11, 2.99),
(2401, 101, 11, 3.50),
(2402, 101, 11, 2.75),
(2403, 102, 1, 5.25),
(2404, 102, 1, 2.50),
(2405, 102, 1, 4.99),
(2406, 102, 1, 2.75),
(2407, 102, 2, 3.50),
(2408, 102, 2, 3.25),
(2409, 102, 2, 5.10),
(2410, 102, 3, 4.25),
(2411, 102, 3, 4.50),
(2412, 102, 3, 3.99),
(2413, 102, 4, 3.10),
(2414, 102, 4, 5.25),
(2415, 102, 4, 5.99),
(2416, 102, 4, 2.99),
(2417, 102, 5, 2.50),
(2418, 102, 5, 2.75),
(2419, 102, 5, 4.25),
(2420, 102, 5, 3.50),
(2421, 102, 6, 2.25),
(2422, 102, 6, 5.50),
(2423, 102, 7, 5.99),
(2424, 102, 7, 5.00),
(2425, 102, 7, 3.00),
(2426, 102, 8, 4.99),
(2427, 102, 8, 2.00),
(2428, 102, 8, 5.10),
(2429, 102, 9, 2.50),
(2430, 102, 9, 2.99),
(2431, 102, 9, 3.25),
(2432, 102, 10, 4.75),
(2433, 102, 10, 2.75),
(2434, 102, 11, 2.50),
(2435, 102, 11, 5.10),
(2436, 102, 11, 2.25),
(2437, 102, 11, 2.10),
(2438, 103, 1, 5.10),
(2439, 103, 1, 5.50),
(2440, 103, 2, 3.99),
(2441, 103, 2, 5.10),
(2442, 103, 2, 2.10),
(2443, 103, 3, 4.99),
(2444, 103, 3, 5.25),
(2445, 103, 3, 2.75),
(2446, 103, 3, 4.99),
(2447, 103, 4, 2.00),
(2448, 103, 4, 5.00),
(2449, 103, 5, 3.25),
(2450, 103, 5, 3.00),
(2451, 103, 6, 4.50),
(2452, 103, 6, 3.10),
(2453, 103, 6, 3.50),
(2454, 103, 6, 5.99),
(2455, 103, 7, 3.25),
(2456, 103, 7, 3.25),
(2457, 103, 7, 5.10),
(2458, 103, 7, 5.99),
(2459, 103, 8, 2.00),
(2460, 103, 8, 2.75),
(2461, 103, 8, 3.10),
(2462, 103, 8, 5.10),
(2463, 103, 9, 3.10),
(2464, 103, 9, 4.00),
(2465, 103, 9, 5.25),
(2466, 103, 9, 2.10),
(2467, 103, 10, 3.75),
(2468, 103, 10, 3.25),
(2469, 103, 10, 5.25),
(2470, 103, 11, 3.50),
(2471, 103, 11, 4.99),
(2472, 103, 11, 3.00),
(2473, 103, 11, 5.00),
(2474, 104, 1, 4.50),
(2475, 104, 1, 5.00),
(2476, 104, 1, 3.10),
(2477, 104, 1, 4.50),
(2478, 104, 2, 2.75),
(2479, 104, 2, 4.00),
(2480, 104, 2, 4.50),
(2481, 104, 2, 4.10),
(2482, 104, 3, 5.10),
(2483, 104, 3, 5.25),
(2484, 104, 3, 5.00),
(2485, 104, 3, 5.50),
(2486, 104, 4, 3.75),
(2487, 104, 4, 3.50),
(2488, 104, 4, 4.25),
(2489, 104, 4, 4.75),
(2490, 104, 5, 3.99),
(2491, 104, 5, 6.00),
(2492, 104, 6, 6.00),
(2493, 104, 6, 3.99),
(2494, 104, 7, 2.00),
(2495, 104, 7, 2.99),
(2496, 104, 8, 3.10),
(2497, 104, 8, 5.75),
(2498, 104, 9, 3.25),
(2499, 104, 9, 4.50),
(2500, 104, 9, 2.00),
(2501, 104, 9, 4.99),
(2502, 104, 10, 3.00),
(2503, 104, 10, 3.25),
(2504, 104, 10, 3.25),
(2505, 104, 11, 3.75),
(2506, 104, 11, 4.75),
(2507, 104, 11, 5.50),
(2508, 104, 11, 2.00),
(2509, 105, 1, 3.75),
(2510, 105, 1, 2.99),
(2511, 105, 1, 4.25),
(2512, 105, 2, 4.99),
(2513, 105, 2, 5.50),
(2514, 105, 3, 2.75),
(2515, 105, 3, 2.50),
(2516, 105, 3, 3.50),
(2517, 105, 4, 2.00),
(2518, 105, 4, 5.75),
(2519, 105, 4, 3.10),
(2520, 105, 5, 2.00),
(2521, 105, 5, 2.00),
(2522, 105, 5, 6.00),
(2523, 105, 5, 4.00),
(2524, 105, 6, 2.99),
(2525, 105, 6, 5.50),
(2526, 105, 6, 4.25),
(2527, 105, 6, 2.00),
(2528, 105, 7, 5.50),
(2529, 105, 7, 6.00),
(2530, 105, 7, 2.10),
(2531, 105, 7, 2.00),
(2532, 105, 8, 2.10),
(2533, 105, 8, 5.99),
(2534, 105, 8, 4.99),
(2535, 105, 8, 5.00),
(2536, 105, 9, 4.10),
(2537, 105, 9, 3.50),
(2538, 105, 9, 5.99),
(2539, 105, 10, 5.10),
(2540, 105, 10, 2.75),
(2541, 105, 10, 5.75),
(2542, 105, 11, 3.50),
(2543, 105, 11, 2.10),
(2544, 106, 1, 2.25),
(2545, 106, 1, 5.10),
(2546, 106, 2, 4.99),
(2547, 106, 2, 2.25),
(2548, 106, 3, 2.25),
(2549, 106, 3, 2.00),
(2550, 106, 3, 5.99),
(2551, 106, 4, 3.50),
(2552, 106, 4, 3.10),
(2553, 106, 5, 4.25),
(2554, 106, 5, 4.25),
(2555, 106, 6, 5.50),
(2556, 106, 6, 2.50),
(2557, 106, 7, 2.50),
(2558, 106, 7, 2.10),
(2559, 106, 8, 4.10),
(2560, 106, 8, 2.25),
(2561, 106, 8, 3.50),
(2562, 106, 8, 5.25),
(2563, 106, 9, 3.75),
(2564, 106, 9, 2.99),
(2565, 106, 9, 2.00),
(2566, 106, 10, 5.75),
(2567, 106, 10, 4.99),
(2568, 106, 10, 3.00),
(2569, 106, 11, 5.99),
(2570, 106, 11, 4.50),
(2571, 106, 11, 2.10),
(2572, 107, 1, 3.50),
(2573, 107, 1, 4.25),
(2574, 107, 1, 3.75),
(2575, 107, 2, 5.75),
(2576, 107, 2, 5.75),
(2577, 107, 2, 5.25),
(2578, 107, 3, 4.00),
(2579, 107, 3, 5.99),
(2580, 107, 3, 5.75),
(2581, 107, 4, 5.10),
(2582, 107, 4, 2.10),
(2583, 107, 4, 4.50),
(2584, 107, 4, 5.25),
(2585, 107, 5, 5.99),
(2586, 107, 5, 5.00),
(2587, 107, 5, 2.10),
(2588, 107, 5, 2.00),
(2589, 107, 6, 3.50),
(2590, 107, 6, 4.10),
(2591, 107, 6, 4.75),
(2592, 107, 6, 4.50),
(2593, 107, 7, 3.25),
(2594, 107, 7, 4.25),
(2595, 107, 8, 3.50),
(2596, 107, 8, 2.25),
(2597, 107, 8, 4.10),
(2598, 107, 8, 4.00),
(2599, 107, 9, 3.00),
(2600, 107, 9, 3.50),
(2601, 107, 9, 2.10),
(2602, 107, 10, 5.99),
(2603, 107, 10, 3.00),
(2604, 107, 10, 2.10),
(2605, 107, 11, 3.00),
(2606, 107, 11, 2.10),
(2607, 107, 11, 2.00),
(2608, 108, 1, 4.25),
(2609, 108, 1, 5.10),
(2610, 108, 1, 2.75),
(2611, 108, 2, 4.99),
(2612, 108, 2, 4.50),
(2613, 108, 3, 2.10),
(2614, 108, 3, 3.10),
(2615, 108, 3, 5.99),
(2616, 108, 3, 4.50),
(2617, 108, 4, 2.00),
(2618, 108, 4, 3.99),
(2619, 108, 4, 2.99),
(2620, 108, 5, 3.50),
(2621, 108, 5, 3.00),
(2622, 108, 5, 4.10),
(2623, 108, 6, 2.00),
(2624, 108, 6, 3.50),
(2625, 108, 6, 2.10),
(2626, 108, 6, 2.75),
(2627, 108, 7, 3.10),
(2628, 108, 7, 4.10),
(2629, 108, 7, 4.10),
(2630, 108, 8, 5.99),
(2631, 108, 8, 5.50),
(2632, 108, 8, 2.75),
(2633, 108, 8, 3.50),
(2634, 108, 9, 3.25),
(2635, 108, 9, 3.00),
(2636, 108, 9, 2.50),
(2637, 108, 9, 3.25),
(2638, 108, 10, 2.99),
(2639, 108, 10, 4.25),
(2640, 108, 10, 2.50),
(2641, 108, 11, 2.10),
(2642, 108, 11, 4.00),
(2643, 108, 11, 2.75),
(2644, 108, 11, 2.10),
(2645, 109, 1, 5.10),
(2646, 109, 1, 2.25),
(2647, 109, 2, 4.99),
(2648, 109, 2, 3.00),
(2649, 109, 2, 5.10),
(2650, 109, 2, 2.10),
(2651, 109, 3, 3.99),
(2652, 109, 3, 4.99),
(2653, 109, 3, 3.10),
(2654, 109, 3, 2.50),
(2655, 109, 4, 5.75),
(2656, 109, 4, 2.25),
(2657, 109, 4, 2.10),
(2658, 109, 4, 5.25),
(2659, 109, 5, 6.00),
(2660, 109, 5, 5.00),
(2661, 109, 6, 4.75),
(2662, 109, 6, 3.00),
(2663, 109, 6, 5.00),
(2664, 109, 6, 4.50),
(2665, 109, 7, 2.25),
(2666, 109, 7, 4.25),
(2667, 109, 8, 5.00),
(2668, 109, 8, 3.75),
(2669, 109, 9, 6.00),
(2670, 109, 9, 2.00),
(2671, 109, 10, 3.10),
(2672, 109, 10, 5.00),
(2673, 109, 10, 5.75),
(2674, 109, 11, 3.10),
(2675, 109, 11, 4.75),
(2676, 109, 11, 2.50),
(2677, 110, 1, 2.50),
(2678, 110, 1, 5.25),
(2679, 110, 1, 6.00),
(2680, 110, 2, 3.75),
(2681, 110, 2, 5.10),
(2682, 110, 3, 5.99),
(2683, 110, 3, 2.25),
(2684, 110, 3, 5.99),
(2685, 110, 4, 2.25),
(2686, 110, 4, 5.50),
(2687, 110, 5, 5.75),
(2688, 110, 5, 5.25),
(2689, 110, 5, 5.99),
(2690, 110, 6, 2.99),
(2691, 110, 6, 3.25),
(2692, 110, 6, 3.75),
(2693, 110, 7, 5.25),
(2694, 110, 7, 5.75),
(2695, 110, 8, 2.50),
(2696, 110, 8, 4.10),
(2697, 110, 8, 2.10),
(2698, 110, 9, 2.75),
(2699, 110, 9, 3.50),
(2700, 110, 9, 5.25),
(2701, 110, 9, 3.75),
(2702, 110, 10, 5.50),
(2703, 110, 10, 4.75),
(2704, 110, 10, 3.25),
(2705, 110, 10, 4.50),
(2706, 110, 11, 4.10),
(2707, 110, 11, 4.00),
(2708, 110, 11, 4.10),
(2709, 111, 1, 6.00),
(2710, 111, 1, 4.75),
(2711, 111, 2, 3.25),
(2712, 111, 2, 3.99),
(2713, 111, 2, 4.25),
(2714, 111, 3, 3.75),
(2715, 111, 3, 4.50),
(2716, 111, 3, 2.75),
(2717, 111, 3, 4.00),
(2718, 111, 4, 5.25),
(2719, 111, 4, 4.99),
(2720, 111, 4, 5.25),
(2721, 111, 4, 3.25),
(2722, 111, 5, 6.00),
(2723, 111, 5, 2.75),
(2724, 111, 5, 6.00),
(2725, 111, 5, 4.50),
(2726, 111, 6, 5.99),
(2727, 111, 6, 3.50),
(2728, 111, 7, 3.99),
(2729, 111, 7, 5.99),
(2730, 111, 7, 2.75),
(2731, 111, 7, 2.10),
(2732, 111, 8, 3.75),
(2733, 111, 8, 4.25),
(2734, 111, 8, 4.50),
(2735, 111, 8, 4.99),
(2736, 111, 9, 5.99),
(2737, 111, 9, 4.25),
(2738, 111, 9, 4.10),
(2739, 111, 10, 2.75),
(2740, 111, 10, 4.50),
(2741, 111, 10, 4.00),
(2742, 111, 10, 4.00),
(2743, 111, 11, 4.50),
(2744, 111, 11, 5.00),
(2745, 111, 11, 5.00),
(2746, 112, 1, 3.00),
(2747, 112, 1, 6.00),
(2748, 112, 1, 2.75),
(2749, 112, 1, 3.10),
(2750, 112, 2, 3.00),
(2751, 112, 2, 2.75),
(2752, 112, 3, 3.99),
(2753, 112, 3, 2.00),
(2754, 112, 3, 3.25),
(2755, 112, 4, 3.25),
(2756, 112, 4, 3.10),
(2757, 112, 4, 2.25),
(2758, 112, 4, 4.50),
(2759, 112, 5, 4.99),
(2760, 112, 5, 5.99),
(2761, 112, 5, 5.50),
(2762, 112, 6, 4.25),
(2763, 112, 6, 4.00),
(2764, 112, 6, 2.50),
(2765, 112, 6, 5.75),
(2766, 112, 7, 2.25),
(2767, 112, 7, 5.50),
(2768, 112, 7, 4.00),
(2769, 112, 7, 3.00),
(2770, 112, 8, 5.00),
(2771, 112, 8, 3.99),
(2772, 112, 8, 6.00),
(2773, 112, 9, 5.10),
(2774, 112, 9, 3.10),
(2775, 112, 9, 5.25),
(2776, 112, 9, 2.99),
(2777, 112, 10, 3.00),
(2778, 112, 10, 5.25),
(2779, 112, 11, 3.10),
(2780, 112, 11, 5.99),
(2781, 113, 1, 4.10),
(2782, 113, 1, 2.00),
(2783, 113, 1, 2.25),
(2784, 113, 1, 4.25),
(2785, 113, 2, 4.99),
(2786, 113, 2, 4.00),
(2787, 113, 2, 4.25),
(2788, 113, 3, 3.50),
(2789, 113, 3, 2.99),
(2790, 113, 3, 5.00),
(2791, 113, 4, 2.10),
(2792, 113, 4, 5.75),
(2793, 113, 5, 4.75),
(2794, 113, 5, 5.75),
(2795, 113, 6, 3.25),
(2796, 113, 6, 6.00),
(2797, 113, 7, 3.50),
(2798, 113, 7, 2.10),
(2799, 113, 8, 3.50),
(2800, 113, 8, 2.75),
(2801, 113, 9, 3.25),
(2802, 113, 9, 5.10),
(2803, 113, 9, 2.25),
(2804, 113, 10, 5.99),
(2805, 113, 10, 5.25),
(2806, 113, 10, 5.75),
(2807, 113, 10, 5.10)

SET IDENTITY_INSERT StudentsSubjects OFF;

INSERT INTO StudentsTeachers (StudentId, TeacherId) VALUES
(50, 1),
(37, 1),
(55, 1),
(84, 1),
(118, 1),
(2, 1),
(106, 1),
(67, 1),
(32, 1),
(31, 1),
(92, 1),
(47, 1),
(36, 1),
(46, 1),
(4, 1),
(105, 1),
(117, 1),
(74, 1),
(30, 1),
(113, 1),
(98, 1),
(13, 1),
(79, 1),
(76, 1),
(88, 1),
(58, 1),
(59, 1),
(70, 1),
(57, 1),
(56, 1),
(89, 1),
(53, 1),
(91, 1),
(112, 1),
(99, 1),
(60, 1),
(104, 1),
(43, 1),
(108, 1),
(44, 1),
(35, 1),
(109, 1),
(1, 1),
(16, 1),
(28, 1),
(110, 1),
(12, 1),
(11, 1),
(38, 1),
(6, 1),
(97, 1),
(14, 1),
(78, 1),
(62, 1),
(34, 1),
(15, 1),
(20, 1),
(101, 1),
(100, 1),
(5, 1),
(82, 1),
(120, 1),
(73, 1),
(10, 1),
(69, 1),
(75, 1),
(80, 1),
(102, 1),
(61, 1),
(94, 1),
(90, 1),
(83, 1),
(21, 1),
(68, 1),
(3, 1),
(17, 1),
(18, 1),
(27, 1),
(29, 1),
(63, 1),
(87, 1),
(95, 1),
(24, 1),
(48, 1),
(8, 1),
(103, 1),
(45, 1),
(51, 1),
(25, 1),
(9, 1),
(75, 2),
(44, 2),
(3, 2),
(48, 2),
(33, 2),
(92, 2),
(118, 2),
(46, 2),
(54, 2),
(116, 2),
(26, 2),
(20, 2),
(71, 2),
(50, 2),
(19, 2),
(65, 2),
(41, 2),
(29, 2),
(107, 2),
(69, 2),
(82, 2),
(10, 2),
(35, 2),
(84, 2),
(57, 2),
(15, 2),
(14, 2),
(23, 2),
(6, 2),
(97, 2),
(87, 2),
(100, 2),
(45, 2),
(21, 2),
(5, 2),
(38, 2),
(37, 2),
(67, 2),
(101, 2),
(72, 2),
(110, 2),
(94, 2),
(22, 2),
(80, 2),
(53, 2),
(85, 2),
(1, 2),
(77, 2),
(98, 2),
(42, 2),
(101, 3),
(55, 3),
(42, 3),
(14, 3),
(90, 3),
(30, 3),
(15, 3),
(103, 3),
(12, 3),
(60, 3),
(29, 3),
(115, 3),
(43, 3),
(95, 3),
(2, 3),
(19, 3),
(112, 3),
(110, 3),
(88, 3),
(44, 3),
(105, 3),
(1, 3),
(81, 3),
(11, 3),
(32, 3),
(26, 3),
(27, 3),
(113, 3),
(75, 3),
(13, 3),
(47, 3),
(46, 3),
(7, 3),
(6, 3),
(107, 3),
(118, 3),
(109, 3),
(94, 3),
(62, 3),
(70, 3),
(20, 3),
(114, 3),
(25, 3),
(38, 3),
(9, 3),
(119, 3),
(97, 3),
(71, 3),
(102, 3),
(69, 3),
(64, 3),
(49, 3),
(85, 3),
(73, 3),
(4, 3),
(54, 3),
(68, 3),
(63, 3),
(72, 3),
(116, 3),
(28, 3),
(51, 3),
(23, 3),
(74, 3),
(98, 3),
(24, 3),
(78, 3),
(86, 3),
(108, 3),
(33, 3),
(40, 3),
(120, 3),
(5, 3),
(57, 3),
(18, 3),
(36, 3),
(92, 3),
(99, 3),
(87, 3),
(96, 3),
(48, 3),
(104, 3),
(45, 3),
(111, 3),
(8, 3),
(21, 3),
(93, 3),
(35, 3),
(17, 3),
(106, 3),
(4, 4),
(29, 4),
(120, 4),
(116, 4),
(117, 4),
(90, 4),
(11, 4),
(103, 4),
(13, 4),
(59, 4),
(72, 4),
(48, 4),
(18, 4),
(1, 4),
(54, 4),
(98, 4),
(15, 4),
(34, 4),
(113, 4),
(30, 4),
(46, 4),
(27, 4),
(108, 4),
(109, 4),
(63, 4),
(49, 4),
(70, 4),
(7, 4),
(104, 4),
(81, 4),
(37, 4),
(52, 4),
(42, 4),
(67, 4),
(45, 4),
(49, 5),
(104, 5),
(101, 5),
(115, 5),
(43, 5),
(2, 5),
(36, 5),
(51, 5),
(22, 5),
(73, 5),
(40, 5),
(9, 5),
(62, 5),
(71, 5),
(61, 5),
(96, 5),
(95, 5),
(50, 5),
(1, 5),
(93, 5),
(18, 5),
(106, 5),
(98, 5),
(53, 5),
(39, 5),
(100, 5),
(54, 5),
(35, 5),
(84, 5),
(11, 5),
(82, 5),
(107, 5),
(15, 5),
(44, 5),
(102, 5),
(116, 5),
(78, 5),
(66, 5),
(34, 5),
(117, 5),
(77, 5),
(94, 5),
(83, 5),
(30, 5),
(60, 5),
(74, 5),
(88, 5),
(3, 5),
(87, 5),
(17, 5),
(81, 5),
(10, 5),
(91, 5),
(70, 5),
(63, 5),
(27, 5),
(32, 5),
(14, 5),
(113, 5),
(45, 5),
(45, 6),
(100, 6),
(66, 6),
(118, 6),
(52, 6),
(59, 6),
(92, 6),
(89, 6),
(84, 6),
(117, 6),
(23, 6),
(51, 6),
(79, 6),
(104, 6),
(33, 6),
(7, 6),
(71, 6),
(12, 6),
(27, 6),
(2, 6),
(102, 6),
(77, 6),
(91, 6),
(93, 6),
(53, 6),
(4, 6),
(35, 6),
(37, 6),
(61, 6),
(76, 6),
(65, 6),
(38, 6),
(115, 6),
(13, 6),
(80, 6),
(14, 6),
(99, 6),
(69, 6),
(11, 6),
(16, 6),
(95, 6),
(68, 6),
(105, 6),
(1, 6),
(108, 6),
(31, 6),
(103, 6),
(63, 6),
(55, 6),
(87, 6),
(72, 6),
(81, 6),
(101, 6),
(83, 6),
(44, 6),
(29, 6),
(120, 6),
(86, 6),
(106, 6),
(75, 6),
(95, 7),
(48, 7),
(92, 7),
(55, 7),
(46, 7),
(38, 7),
(19, 7),
(107, 7),
(28, 7),
(59, 7),
(50, 7),
(63, 7),
(13, 7),
(96, 7),
(103, 7),
(68, 7),
(26, 7),
(86, 7),
(74, 7),
(88, 7),
(12, 7),
(35, 7),
(33, 7),
(21, 7),
(51, 7),
(90, 7),
(45, 7),
(3, 7),
(44, 7),
(100, 7),
(83, 7),
(105, 7),
(40, 7),
(10, 7),
(109, 7),
(71, 7),
(77, 7),
(98, 7),
(67, 7),
(25, 7),
(57, 7),
(5, 7),
(17, 7),
(93, 7),
(108, 7),
(101, 7),
(29, 7),
(112, 7),
(53, 7),
(37, 7),
(18, 7),
(79, 7),
(30, 7),
(4, 7),
(99, 7),
(23, 7),
(24, 7),
(84, 7),
(94, 7),
(1, 7),
(20, 7),
(114, 7),
(14, 7),
(27, 7),
(113, 7),
(2, 7),
(111, 7),
(118, 7),
(7, 7),
(8, 7),
(100, 8),
(57, 8),
(97, 8),
(31, 8),
(113, 8),
(52, 8),
(15, 8),
(109, 8),
(85, 8),
(103, 8),
(84, 8),
(60, 8),
(88, 8),
(76, 8),
(30, 8),
(28, 8),
(94, 8),
(82, 8),
(91, 8),
(120, 8),
(108, 8),
(65, 8),
(27, 8),
(119, 8),
(29, 8),
(23, 8),
(34, 8),
(70, 8),
(12, 8),
(73, 8),
(102, 8),
(6, 8),
(25, 8),
(71, 8),
(98, 8),
(107, 8),
(105, 8),
(5, 8),
(111, 8),
(56, 8),
(114, 8),
(35, 8),
(80, 8),
(54, 8),
(92, 8),
(81, 8),
(110, 8),
(42, 8),
(39, 8),
(48, 8),
(62, 9),
(112, 9),
(91, 9),
(111, 9),
(93, 9),
(50, 9),
(79, 9),
(117, 9),
(88, 9),
(73, 9),
(27, 9),
(41, 9),
(95, 9),
(23, 9),
(55, 9),
(46, 9),
(53, 9),
(59, 9),
(106, 9),
(6, 9),
(109, 9),
(39, 9),
(67, 9),
(104, 9),
(98, 9),
(108, 9),
(16, 9),
(92, 9),
(84, 9),
(54, 9),
(113, 9),
(96, 9),
(119, 9),
(32, 9),
(72, 9),
(82, 9),
(14, 9),
(5, 9),
(80, 9),
(69, 9),
(61, 9),
(18, 9),
(17, 9),
(21, 9),
(74, 9),
(65, 9),
(40, 9),
(11, 9),
(76, 9),
(68, 9),
(87, 9),
(58, 9),
(42, 9),
(10, 9),
(83, 9),
(20, 9),
(35, 9),
(120, 9),
(7, 9),
(38, 9),
(43, 9),
(25, 9),
(90, 9),
(89, 9),
(47, 9),
(64, 9),
(12, 9),
(45, 9),
(63, 9),
(9, 9),
(29, 9),
(97, 9),
(56, 9),
(33, 9),
(107, 9),
(31, 9),
(1, 9),
(66, 9),
(81, 9),
(116, 9),
(58, 10),
(20, 10),
(69, 10),
(22, 10),
(2, 10),
(98, 10),
(44, 10),
(40, 10),
(50, 10),
(67, 10),
(97, 10),
(41, 10),
(38, 10),
(26, 10),
(81, 10),
(106, 10),
(87, 10),
(23, 10),
(28, 10),
(21, 10),
(105, 10),
(52, 10),
(99, 10),
(91, 10),
(85, 10),
(36, 10),
(1, 10),
(19, 10),
(70, 10),
(107, 10),
(16, 10),
(39, 10),
(96, 10),
(115, 10),
(119, 10),
(108, 10),
(32, 10),
(59, 10),
(47, 10),
(80, 10),
(114, 10),
(111, 10),
(61, 10),
(5, 10),
(3, 10),
(110, 10),
(95, 10),
(7, 10),
(77, 10),
(113, 10),
(18, 10),
(54, 10),
(73, 10),
(56, 10),
(37, 10),
(12, 10),
(84, 10),
(49, 10),
(68, 10),
(63, 10),
(104, 11),
(94, 11),
(39, 11),
(46, 11),
(14, 11),
(81, 11),
(1, 11),
(61, 11),
(98, 11),
(100, 11),
(96, 11),
(101, 11),
(20, 11),
(24, 11),
(56, 11),
(83, 11),
(32, 11),
(21, 11),
(116, 11),
(30, 11),
(54, 11),
(9, 11),
(99, 11),
(42, 11),
(16, 11),
(26, 11),
(43, 11),
(105, 11),
(8, 11),
(58, 11),
(120, 11),
(41, 11),
(79, 11),
(47, 11),
(7, 11),
(31, 11),
(53, 11),
(44, 11),
(60, 11),
(80, 11),
(27, 11),
(117, 11),
(17, 11),
(63, 11),
(4, 11),
(86, 11),
(35, 11),
(18, 11),
(28, 11),
(92, 11),
(23, 11),
(51, 11),
(59, 11),
(5, 11),
(68, 11),
(67, 11),
(33, 11),
(108, 11),
(97, 11),
(89, 11),
(109, 11),
(73, 11),
(36, 11),
(19, 11),
(87, 11),
(38, 11),
(29, 11),
(106, 11),
(3, 11),
(64, 11),
(88, 12),
(81, 12),
(10, 12),
(43, 12),
(101, 12),
(97, 12),
(7, 12),
(107, 12),
(2, 12),
(65, 12),
(92, 12),
(46, 12),
(8, 12),
(104, 12),
(74, 12),
(29, 12),
(24, 12),
(119, 12),
(76, 12),
(55, 12),
(33, 12),
(103, 12),
(57, 12),
(40, 12),
(78, 12),
(9, 12),
(13, 12),
(22, 12),
(73, 12),
(36, 12),
(11, 12),
(93, 12),
(5, 12),
(16, 12),
(19, 12),
(58, 12),
(83, 12),
(49, 12),
(108, 12),
(91, 12),
(64, 12),
(99, 12),
(68, 12),
(1, 12),
(28, 12),
(12, 12),
(77, 12),
(17, 12),
(66, 12),
(20, 12),
(37, 12),
(60, 12),
(111, 12),
(87, 12),
(106, 12),
(18, 12),
(27, 12),
(84, 12),
(71, 12),
(109, 12),
(69, 12),
(21, 12),
(62, 12),
(4, 12),
(120, 12),
(89, 12),
(41, 12),
(80, 12),
(31, 12),
(47, 12),
(70, 13),
(98, 13),
(91, 13),
(73, 13),
(78, 13),
(40, 13),
(106, 13),
(5, 13),
(115, 13),
(94, 13),
(93, 13),
(2, 13),
(36, 13),
(13, 13),
(15, 13),
(79, 13),
(86, 13),
(75, 13),
(1, 13),
(55, 13),
(11, 13),
(107, 13),
(100, 13),
(28, 13),
(96, 13),
(92, 13),
(46, 13),
(7, 13),
(59, 13),
(77, 13),
(35, 13),
(102, 13),
(63, 13),
(109, 13),
(85, 13),
(83, 13),
(81, 13),
(99, 13),
(19, 13),
(56, 13),
(104, 13),
(49, 13),
(97, 13),
(37, 13),
(10, 13),
(47, 13),
(54, 13),
(44, 13),
(51, 13),
(65, 13),
(120, 13),
(64, 13),
(57, 13),
(4, 13),
(16, 13),
(114, 13),
(110, 13),
(32, 13),
(24, 13),
(111, 13),
(65, 14),
(58, 14),
(17, 14),
(118, 14),
(69, 14),
(26, 14),
(92, 14),
(97, 14),
(96, 14),
(52, 14),
(71, 14),
(120, 14),
(33, 14),
(81, 14),
(39, 14),
(42, 14),
(61, 14),
(91, 14),
(72, 14),
(8, 14),
(46, 14),
(28, 14),
(22, 14),
(114, 14),
(64, 14),
(119, 14),
(27, 14),
(18, 14),
(9, 14),
(113, 14),
(16, 14),
(53, 14),
(83, 14),
(62, 14),
(99, 14),
(55, 14),
(49, 14),
(40, 14),
(68, 14),
(104, 14),
(48, 14),
(116, 14),
(34, 14),
(54, 14),
(94, 14),
(107, 14),
(101, 14),
(24, 14),
(25, 14),
(87, 14),
(66, 14),
(5, 14),
(76, 14),
(60, 14),
(103, 14),
(14, 14),
(63, 14),
(80, 14),
(105, 14),
(102, 14),
(114, 15),
(1, 15),
(37, 15),
(111, 15),
(98, 15),
(7, 15),
(5, 15),
(72, 15),
(55, 15),
(46, 15),
(53, 15),
(41, 15),
(57, 15),
(120, 15),
(49, 15),
(11, 15),
(52, 15),
(117, 15),
(12, 15),
(32, 15),
(43, 15),
(34, 15),
(116, 15),
(26, 15),
(79, 15),
(84, 15),
(115, 15),
(83, 15),
(64, 15),
(65, 15),
(74, 15),
(30, 15),
(66, 15),
(33, 15),
(24, 15),
(101, 15),
(13, 15),
(21, 15),
(56, 15),
(47, 15),
(35, 15),
(109, 15),
(8, 15),
(48, 15),
(4, 15),
(2, 15),
(38, 15),
(54, 15),
(107, 15),
(100, 15),
(96, 16),
(78, 16),
(54, 16),
(67, 16),
(99, 16),
(79, 16),
(55, 16),
(112, 16),
(117, 16),
(74, 16),
(72, 16),
(75, 16),
(49, 16),
(103, 16),
(57, 16),
(44, 16),
(35, 16),
(27, 16),
(28, 16),
(70, 16),
(104, 17),
(115, 17),
(116, 17),
(66, 17),
(16, 17),
(46, 17),
(103, 17),
(8, 17),
(25, 17),
(48, 17),
(57, 17),
(69, 17),
(31, 17),
(98, 17),
(80, 17),
(119, 17),
(95, 17),
(97, 17),
(53, 17),
(67, 17),
(50, 18),
(67, 18)

INSERT INTO StudentsTeachers (StudentId, TeacherId) VALUES
(47, 18),
(37, 18),
(17, 18),
(41, 18),
(33, 18),
(69, 18),
(36, 18),
(96, 18),
(12, 18),
(51, 18),
(72, 18),
(76, 18),
(115, 18),
(56, 18),
(38, 18),
(116, 18),
(106, 18),
(39, 18),
(42, 18),
(21, 18),
(61, 18),
(45, 18),
(5, 18),
(46, 18),
(87, 18),
(24, 18),
(117, 18),
(30, 18),
(63, 18),
(44, 18),
(100, 18),
(49, 18),
(25, 18),
(113, 19),
(53, 19),
(92, 19),
(111, 19),
(69, 19),
(84, 19),
(116, 19),
(8, 19),
(23, 19),
(49, 19),
(68, 19),
(85, 19),
(57, 19),
(14, 19),
(78, 19),
(41, 19),
(102, 19),
(3, 19),
(54, 19),
(105, 19),
(77, 19),
(40, 19),
(90, 19),
(86, 19),
(114, 19),
(62, 19),
(25, 19),
(10, 19),
(59, 19),
(22, 19),
(30, 19),
(38, 19),
(93, 19),
(115, 19),
(79, 19),
(48, 19),
(96, 19),
(6, 19),
(97, 19),
(44, 19),
(28, 19),
(104, 19),
(73, 19),
(58, 19),
(87, 19),
(35, 19),
(39, 19),
(71, 19),
(55, 19),
(9, 19),
(25, 20),
(114, 20),
(3, 20),
(71, 20),
(8, 20),
(36, 20),
(75, 20),
(11, 20),
(93, 20),
(5, 20),
(96, 20),
(39, 20),
(83, 20),
(108, 20),
(26, 20),
(98, 20),
(77, 20),
(38, 20),
(104, 20),
(99, 20),
(4, 20),
(22, 20),
(82, 20),
(24, 20),
(91, 20),
(78, 20),
(42, 20),
(56, 20),
(102, 20),
(107, 20),
(112, 20),
(120, 20),
(32, 20),
(90, 20),
(53, 20),
(105, 20),
(100, 20),
(27, 20),
(31, 20),
(43, 20),
(13, 20),
(48, 20),
(73, 20),
(68, 20),
(76, 20),
(72, 20),
(103, 20),
(51, 20),
(7, 20),
(64, 20),
(34, 20),
(1, 20),
(65, 20),
(94, 20),
(97, 20),
(10, 20),
(23, 20),
(80, 20),
(66, 20),
(88, 20),
(118, 20),
(12, 20),
(55, 20),
(37, 20),
(70, 20),
(89, 20),
(106, 20),
(86, 20),
(59, 20),
(21, 20),
(79, 20),
(41, 20),
(63, 20),
(52, 20),
(9, 20),
(33, 20),
(87, 20),
(16, 20),
(110, 20),
(6, 20),
(49, 20),
(95, 20),
(81, 20),
(92, 20),
(17, 20),
(18, 20),
(116, 20),
(62, 20),
(40, 20),
(117, 20),
(4, 21),
(41, 21),
(73, 21),
(80, 21),
(60, 21),
(52, 21),
(54, 21),
(91, 21),
(104, 21),
(116, 21),
(33, 21),
(82, 21),
(102, 21),
(95, 21),
(51, 21),
(106, 21),
(72, 21),
(27, 21),
(18, 21),
(68, 21),
(24, 21),
(96, 21),
(110, 21),
(10, 21),
(115, 21),
(56, 21),
(40, 21),
(17, 21),
(38, 21),
(117, 21),
(108, 21),
(42, 21),
(93, 21),
(99, 21),
(119, 21),
(21, 21),
(98, 21),
(12, 21),
(94, 21),
(85, 21),
(44, 21),
(83, 21),
(67, 21),
(114, 21),
(32, 21),
(50, 21),
(84, 21),
(101, 21),
(75, 21),
(13, 21),
(39, 21),
(45, 21),
(100, 21),
(15, 21),
(14, 21),
(22, 21),
(118, 21),
(34, 21),
(7, 21),
(8, 21),
(2, 21),
(9, 21),
(11, 21),
(29, 21),
(3, 21),
(66, 21),
(69, 21),
(49, 21),
(111, 21),
(37, 21),
(92, 22),
(55, 22),
(24, 22),
(67, 22),
(22, 22),
(68, 22),
(116, 22),
(2, 22),
(18, 22),
(104, 22),
(20, 22),
(114, 22),
(41, 22),
(23, 22),
(43, 22),
(11, 22),
(3, 22),
(33, 22),
(72, 22),
(80, 22),
(16, 22),
(36, 22),
(70, 22),
(100, 22),
(5, 22),
(61, 22),
(103, 22),
(4, 22),
(35, 22),
(118, 22),
(102, 22),
(115, 22),
(81, 22),
(73, 22),
(65, 22),
(14, 22),
(6, 22),
(108, 22),
(45, 22),
(78, 22),
(47, 22),
(107, 22),
(62, 22),
(96, 22),
(40, 22),
(56, 22),
(99, 22),
(94, 22),
(106, 22),
(58, 22),
(101, 22),
(79, 22),
(95, 22),
(39, 22),
(110, 22),
(32, 22),
(13, 22),
(86, 22),
(52, 22),
(105, 22),
(60, 22),
(64, 22),
(119, 22),
(29, 22),
(26, 22),
(31, 22),
(34, 22),
(93, 22),
(25, 22),
(9, 22),
(48, 22),
(15, 22),
(28, 22),
(1, 22),
(10, 22),
(49, 22),
(57, 22),
(74, 22),
(109, 22),
(69, 22),
(113, 22),
(7, 22),
(85, 22),
(111, 22),
(53, 22),
(75, 22),
(91, 22),
(76, 22),
(12, 22),
(8, 22),
(59, 23),
(78, 23),
(96, 23),
(108, 23),
(3, 23),
(34, 23),
(112, 23),
(29, 23),
(116, 23),
(91, 23),
(103, 23),
(74, 23),
(21, 23),
(69, 23),
(9, 23),
(76, 23),
(101, 23),
(37, 23),
(54, 23),
(68, 23),
(1, 23),
(13, 23),
(25, 23),
(97, 23),
(61, 23),
(99, 24),
(38, 24),
(87, 24),
(32, 24),
(19, 24),
(62, 24),
(108, 24),
(55, 24),
(60, 24),
(67, 24),
(58, 24),
(98, 24),
(86, 24),
(48, 24),
(100, 24),
(33, 24),
(96, 24),
(117, 24),
(59, 24),
(25, 24),
(34, 24),
(114, 24),
(72, 24),
(93, 24),
(63, 24),
(103, 24),
(30, 24),
(88, 24),
(85, 24),
(46, 24),
(39, 25),
(71, 25),
(99, 25),
(1, 25),
(101, 25),
(37, 25),
(96, 25),
(2, 25),
(66, 25),
(43, 25),
(70, 25),
(42, 25),
(84, 25),
(17, 25),
(68, 25),
(63, 25),
(57, 25),
(41, 25),
(92, 25),
(60, 25),
(47, 25),
(14, 25),
(52, 25),
(80, 25),
(86, 25),
(59, 25),
(116, 25),
(98, 25),
(88, 25),
(89, 25),
(81, 25),
(112, 25),
(106, 25),
(46, 25),
(76, 25),
(25, 25),
(93, 25),
(18, 25),
(108, 25),
(29, 25),
(65, 25),
(3, 25),
(55, 25),
(118, 25),
(12, 25),
(119, 25),
(79, 25),
(15, 25),
(75, 25),
(109, 25),
(5, 25),
(38, 25),
(33, 25),
(69, 25),
(40, 25),
(113, 25),
(90, 25),
(49, 25),
(53, 25),
(35, 25),
(24, 25),
(100, 25),
(28, 25),
(67, 25),
(44, 25),
(16, 25),
(4, 25),
(10, 25),
(22, 25),
(72, 25),
(36, 26),
(4, 26),
(63, 26),
(22, 26),
(41, 26),
(45, 26),
(107, 26),
(46, 26),
(94, 26),
(19, 26),
(5, 26),
(29, 26),
(79, 26),
(50, 26),
(58, 26),
(112, 26),
(108, 26),
(98, 26),
(53, 26),
(16, 26),
(88, 26),
(24, 26),
(78, 26),
(1, 26),
(42, 26),
(15, 27),
(25, 27),
(108, 27),
(100, 27),
(97, 27),
(45, 27),
(102, 27),
(12, 27),
(46, 27),
(64, 27),
(71, 27),
(48, 27),
(86, 27),
(10, 27),
(13, 27),
(53, 27),
(114, 27),
(68, 27),
(103, 27),
(54, 27),
(73, 27),
(84, 27),
(110, 27),
(107, 27),
(76, 27),
(85, 28),
(51, 28),
(12, 28),
(32, 28),
(117, 28),
(47, 28),
(82, 28),
(105, 28),
(17, 28),
(70, 28),
(92, 28),
(44, 28),
(94, 28),
(34, 28),
(115, 28),
(93, 28),
(114, 28),
(69, 28),
(91, 28),
(2, 28),
(118, 28),
(98, 28),
(106, 28),
(76, 28),
(31, 28),
(19, 28),
(3, 28),
(64, 28),
(80, 28),
(74, 28),
(1, 28),
(37, 28),
(48, 28),
(101, 28),
(27, 28),
(104, 28),
(56, 28),
(36, 28),
(65, 28),
(86, 28),
(67, 28),
(102, 28),
(84, 28),
(30, 28),
(73, 28)
