<?xml version="1.0" encoding="utf-16"?>
<Songs>
  <Song>
    <SongName>Away</SongName>
    <Writer>Norina Renihan</Writer>
    <Performer>Lula Zuan</Performer>
    <AlbumProducer>Georgi Milkov</AlbumProducer>
    <Duration>00:05:35</Duration>
  </Song>
  <Song>
    <SongName>Bentasil</SongName>
    <Writer>Mik Jonathan</Writer>
    <Performer>Zabrina Amor</Performer>
    <AlbumProducer>Dobromir Slavchev</AlbumProducer>
    <Duration>00:04:03</Duration>
  </Song>
  <Song>
    <SongName>Carvedilol</SongName>
    <Writer>Chloe Trayhorn</Writer>
    <Performer>Tine Althorp</Performer>
    <AlbumProducer>Evtim Miloshev</AlbumProducer>
    <Duration>00:02:39</Duration>
  </Song>
  <Song>
    <SongName>Cough Relief</SongName>
    <Writer>Jessie Townby</Writer>
    <Performer>Peter Bree</Performer>
    <AlbumProducer>Evgeni Dimitrov</AlbumProducer>
    <Duration>00:10:34</Duration>
  </Song>
  <Song>
    <SongName>Crayola Wild Blue</SongName>
    <Writer>Holly Coppen</Writer>
    <Performer>Tine Althorp</Performer>
    <AlbumProducer>Dobromir Slavchev</AlbumProducer>
    <Duration>00:01:58</Duration>
  </Song>
  <Song>
    <SongName>Cry Me A River</SongName>
    <Writer>Kara-lynn Sharpous</Writer>
    <Performer>Georgia Winchurch</Performer>
    <AlbumProducer>Evtim Miloshev</AlbumProducer>
    <Duration>00:04:20</Duration>
  </Song>
  <Song>
    <SongName>Don't call me up</SongName>
    <Writer>Jessie Townby</Writer>
    <Performer>Georgia Winchurch</Performer>
    <AlbumProducer>Dobromir Slavchev</AlbumProducer>
    <Duration>00:05:20</Duration>
  </Song>
  <Song>
    <SongName>Dorzolamide HCl</SongName>
    <Writer>Norina Renihan</Writer>
    <AlbumProducer>Evtim Miloshev</AlbumProducer>
    <Duration>00:02:50</Duration>
  </Song>
  <Song>
    <SongName>Hydralazine Hydroch</SongName>
    <Writer>Sibelle Hanton</Writer>
    <Performer>Gennifer Lopez</Performer>
    <AlbumProducer>F.O.</AlbumProducer>
    <Duration>00:09:54</Duration>
  </Song>
  <Song>
    <SongName>Ibuprofen</SongName>
    <Writer>Stanford Daykin</Writer>
    <AlbumProducer>Evgeni Dimitrov</AlbumProducer>
    <Duration>00:01:04</Duration>
  </Song>
  <Song>
    <SongName>In the end</SongName>
    <Writer>Verine Eschalotte</Writer>
    <Performer>Lula Zuan</Performer>
    <AlbumProducer>Evgeni Dimitrov</AlbumProducer>
    <Duration>00:02:11</Duration>
  </Song>
  <Song>
    <SongName>In the start</SongName>
    <Writer>Rosalyn Humphris</Writer>
    <Performer>Alidia Horsewood</Performer>
    <AlbumProducer>Rolph Nibley</AlbumProducer>
    <Duration>00:03:15</Duration>
  </Song>
  <Song>
    <SongName>It is my life</SongName>
    <Writer>Stanford Daykin</Writer>
    <Performer>Alidia Horsewood</Performer>
    <AlbumProducer>Evgeni Dimitrov</AlbumProducer>
    <Duration>00:06:11</Duration>
  </Song>
  <Song>
    <SongName>Just the two of us</SongName>
    <Writer>Padget Steptowe</Writer>
    <Performer>Dasi Pirrey</Performer>
    <AlbumProducer>Evtim Miloshev</AlbumProducer>
    <Duration>00:02:40</Duration>
  </Song>
  <Song>
    <SongName>Kids SPF 60</SongName>
    <Writer>Bili Franek</Writer>
    <Performer>Gilligan Caney</Performer>
    <AlbumProducer>Jana Karaivanova</AlbumProducer>
    <Duration>00:01:17</Duration>
  </Song>
  <Song>
    <SongName>La Vaquita</SongName>
    <Writer>Maitilde Sangar</Writer>
    <Performer>Zabrina Amor</Performer>
    <AlbumProducer>Georgi Milkov</AlbumProducer>
    <Duration>00:08:32</Duration>
  </Song>
  <Song>
    <SongName>Levothyroxine Sodium</SongName>
    <Writer>Carol Mitchell</Writer>
    <Performer>Gennifer Lopez</Performer>
    <AlbumProducer>Evgeni Dimitrov</AlbumProducer>
    <Duration>00:10:41</Duration>
  </Song>
  <Song>
    <SongName>Lose Yourself</SongName>
    <Writer>Chelsy Pennyman</Writer>
    <Performer>Alidia Horsewood</Performer>
    <AlbumProducer>Dobromir Slavchev</AlbumProducer>
    <Duration>00:03:30</Duration>
  </Song>
  <Song>
    <SongName>Medique Diphen</SongName>
    <Writer>Rosalyn Humphris</Writer>
    <Performer>Gennifer Lopez</Performer>
    <AlbumProducer>F.O.</AlbumProducer>
    <Duration>00:09:31</Duration>
  </Song>
  <Song>
    <SongName>Morning After</SongName>
    <Writer>Linnie Petrolli</Writer>
    <AlbumProducer>Jana Karaivanova</AlbumProducer>
    <Duration>00:04:23</Duration>
  </Song>
  <Song>
    <SongName>Numb</SongName>
    <Writer>Kara-lynn Sharpous</Writer>
    <Performer>Alidia Horsewood</Performer>
    <AlbumProducer>Evgeni Dimitrov</AlbumProducer>
    <Duration>00:04:11</Duration>
  </Song>
  <Song>
    <SongName>Personal</SongName>
    <Writer>Gleda Messum</Writer>
    <Performer>Lula Zuan</Performer>
    <AlbumProducer>Jana Karaivanova</AlbumProducer>
    <Duration>00:02:40</Duration>
  </Song>
  <Song>
    <SongName>Quinapril</SongName>
    <Writer>Linnie Petrolli</Writer>
    <Performer>Gilligan Caney</Performer>
    <AlbumProducer>Georgi Milkov</AlbumProducer>
    <Duration>00:10:31</Duration>
  </Song>
  <Song>
    <SongName>Ride it</SongName>
    <Writer>Lusa Steers</Writer>
    <Performer>Lula Zuan</Performer>
    <AlbumProducer>Georgi Milkov</AlbumProducer>
    <Duration>00:04:35</Duration>
  </Song>
  <Song>
    <SongName>River</SongName>
    <Writer>Quillan Grover</Writer>
    <Performer>Alidia Horsewood</Performer>
    <AlbumProducer>Georgi Milkov</AlbumProducer>
    <Duration>00:03:10</Duration>
  </Song>
  <Song>
    <SongName>rx act pain relief</SongName>
    <Writer>Chelsy Pennyman</Writer>
    <Performer>Tine Althorp</Performer>
    <AlbumProducer>Dobromir Slavchev</AlbumProducer>
    <Duration>00:03:39</Duration>
  </Song>
  <Song>
    <SongName>Say It Right</SongName>
    <Writer>Petko Matisse</Writer>
    <Performer>Lula Zuan</Performer>
    <AlbumProducer>Georgi Milkov</AlbumProducer>
    <Duration>00:04:35</Duration>
  </Song>
  <Song>
    <SongName>Tiempo</SongName>
    <Writer>Norina Renihan</Writer>
    <Performer>Lula Zuan</Performer>
    <AlbumProducer>Georgi Milkov</AlbumProducer>
    <Duration>00:05:35</Duration>
  </Song>
  <Song>
    <SongName>Wait For A Minute</SongName>
    <Writer>Verine Eschalotte</Writer>
    <Performer>Dasi Pirrey</Performer>
    <AlbumProducer>Evtim Miloshev</AlbumProducer>
    <Duration>00:04:20</Duration>
  </Song>
  <Song>
    <SongName>Water Additive</SongName>
    <Writer>Quillan Grover</Writer>
    <Performer>Gilligan Caney</Performer>
    <AlbumProducer>Evtim Miloshev</AlbumProducer>
    <Duration>00:02:33</Duration>
  </Song>
  <Song>
    <SongName>What Goes Around</SongName>
    <Writer>Maitilde Sangar</Writer>
    <Performer>Peter Bree</Performer>
    <AlbumProducer>Georgi Milkov</AlbumProducer>
    <Duration>00:03:23</Duration>
  </Song>
  <Song>
    <SongName>Wide Awake</SongName>
    <Writer>Marlee Olivet</Writer>
    <Performer>Alidia Horsewood</Performer>
    <AlbumProducer>Evgeni Dimitrov</AlbumProducer>
    <Duration>00:04:11</Duration>
  </Song>
</Songs>